Workbook

Sheet Utama
B1: ELEKTRONIK LEMBAR KERJA EVALUASI ZONA INTEGRITAS (e-LKE ZI) PADA LEMBAGA PEMASYARAKATAN KELAS IIA BANCEUY BANDUNG
B2: WBBM
A4: 1 | B4: Area Perubahan | H4: Bobot | I4: Pemenuhan | J4: Reform | K4: Nilai | L4: % | M4: Pemenuhan Nilai Min
A5: 3 | B5: A. | C5: PENGUNGKIT | H5: 60
A6: 5 | D6: 1. | E6: MANAJEMEN PERUBAHAN | H6: 8 | I6: =Jawaban!O4 -> 4 | J6: =Jawaban!O123 -> 4 | K6: =SUM(I6:J6) -> 8 | L6: =K6/H6 -> 1 | M6: =IF(AND($B$2="WBK",L6>=60%),"OK",IF(AND($B$2="WBBM",L6>=75%),"OK","Tidak Lulus")) -> OK
A7: 22 | D7: 2. | E7: PENATAAN TATALAKSANA | H7: 7 | I7: =Jawaban!O21 -> 3.5 | J7: =Jawaban!O135 -> 3.5 | K7: =SUM(I7:J7) -> 7 | L7: =K7/H7 -> 1 | M7: =IF(AND($B$2="WBK",L7>=60%),"OK",IF(AND($B$2="WBBM",L7>=75%),"OK","Tidak Lulus")) -> OK
A8: 35 | D8: 3. | E8: PENATAAN SISTEM MANAJEMEN SDM APARATUR | H8: 10 | I8: =Jawaban!O34 -> 5 | J8: =Jawaban!O145 -> 5 | K8: =SUM(I8:J8) -> 10 | L8: =K8/H8 -> 1 | M8: =IF(AND($B$2="WBK",L8>=60%),"OK",IF(AND($B$2="WBBM",L8>=75%),"OK","Tidak Lulus")) -> OK
A9: 60 | D9: 4. | E9: PENGUATAN AKUNTABILITAS | H9: 10 | I9: =Jawaban!O59 -> 5 | J9: =Jawaban!O155 -> 5 | K9: =SUM(I9:J9) -> 10 | L9: =K9/H9 -> 1 | M9: =IF(AND($B$2="WBK",L9>=60%),"OK",IF(AND($B$2="WBBM",L9>=75%),"OK","Tidak Lulus")) -> OK
A10: 74 | D10: 5. | E10: PENGUATAN PENGAWASAN | H10: 15 | I10: =Jawaban!O73 -> 7.5 | J10: =Jawaban!O164 -> 7.5 | K10: =SUM(I10:J10) -> 15 | L10: =K10/H10 -> 1 | M10: =IF(AND($B$2="WBK",L10>=60%),"OK",IF(AND($B$2="WBBM",L10>=75%),"OK","Tidak Lulus")) -> OK
A11: 102 | D11: 6. | E11: PENINGKATAN KUALITAS PELAYANAN PUBLIK | H11: 10 | I11: =Jawaban!O97 -> 5 | J11: =Jawaban!O187 -> 5 | K11: =SUM(I11:J11) -> 10 | L11: =K11/H11 -> 1 | M11: =IF(AND($B$2="WBK",L11>=60%),"OK",IF(AND($B$2="WBBM",L11>=75%),"OK","Tidak Lulus")) -> OK
A12: 211 | B12: TOTAL PENGUNGKIT | K12: =SUM(K6:K11) -> 60 | L12: =K12/H5 -> 1 | M12: =IF(AND($B$2="WBK",K12>=40),"OK",IF(AND($B$2="WBBM",K12>=48),"OK","Tidak Lulus")) -> OK
A13: 212
A14: 214 | B14: B. | C14: HASIL | H14: 40
A15: 215 | C15: I. | D15: BIROKRASI YANG BERSIH DAN AKUNTABEL | H15: 22.5 | K15: =SUM(K16:K17) -> 22.5 | L15: =K15/H15 -> 1 | M15: =IF(AND($B$2="WBK",K15>=18.25),"OK",IF(AND($B$2="WBBM",K15>=19.5),"OK","Tidak Lulus")) -> OK
A16: 216 | D16: a | E16: Nilai Survey Persepsi Korupsi (Survei Eksternal : Indeks Persepsi Anti Korupsi/ IPAK) | H16: 17.5 | K16: =Jawaban!O199 -> 17.5 | L16: =K16/H16 -> 1 | M16: =IF(AND($B$2="WBK",K16>=15.75),"OK",IF(AND($B$2="WBBM",K16>=15.75),"OK","Tidak Lulus")) -> OK
A17: 218 | D17: b | E17: Capaian Kinerja Lebih Baik dari pada Capaian Kinerja Sebelumnya | H17: 5 | K17: =Jawaban!O200 -> 5 | L17: =K17/H17 -> 1 | M17: =IF(AND($B$2="WBK",K17>=2.5),"OK",IF(AND($B$2="WBBM",K17>=3.75),"OK","Tidak Lulus")) -> OK
A18: 219 | C18: II. | D18: PELAYANAN PUBLIK YANG PRIMA | H18: 17.5 | K18: =SUM(K19) -> 17.5 | L18: =K18/H18 -> 1
A19: 221 | D19: - | E19: Nilai Persepsi Kualitas Pelayanan (Survei Eksternal : Indeks Persepsi Kualitas Pelayanan Publik / IPKP) | H19: 17.5 | K19: =Jawaban!O202 -> 17.5 | L19: =K19/H19 -> 1 | M19: =IF(AND($B$2="WBK",K19>=14),"OK",IF(AND($B$2="WBBM",K19>=15.75),"OK","Tidak Lulus")) -> OK
A20: 222 | B20: TOTAL HASIL | K20: =SUM(K15,K18) -> 40 | L20: =K20/H14 -> 1
A21: 223
B22: NILAI EVALUASI REFORMASI BIROKRASI | K22: =Jawaban!O204 -> 100 | M22: =IF(AND($B$2="WBK",K22>=75),"OK",IF(AND($B$2="WBBM",K22>=85),"OK","Tidak Lulus")) -> OK

Sheet Jawaban
A1: 1 | B1: Penilaian | H1: Bobot | I1: Kriteria Nilai | J1: Pilihan Jawaban | K1: Jawaban Unit | L1: Catatan/Keterangan/Penjelasan Unit | M1: Bukti Dukung Unit | N1: Jawaban TPI | O1: Nilai | P1: % | Q1: Catatan/Keterangan/Penjelasan Evaluasi TPI | R1: Link Google Drive Data Dukung B03 | S1: Link Google Drive Data Dukung B06 | T1: Link Google Drive Data Dukung B09 | U1: Link Google Drive Data Dukung B12 | V1: Link Google Drive Data Dukung B12 Tahun Sebelumnya
A2: 3 | B2: A. | C2: PENGUNGKIT | H2: 60 | O2: =O195 -> 60 | P2: =O2/H2 -> 1
A3: 4 | C3: I. | D3: PEMENUHAN | H3: 30 | O3: =SUM(O4,O21,O34,O59,O73,O97) -> 30 | P3: =O3/H3 -> 1
A4: 5 | D4: 1. | E4: MANAJEMEN PERUBAHAN | H4: 4 | O4: =SUM(O5,O8,O12,O16) -> 4 | P4: =O4/H4 -> 1
A5: 6 | E5: i. | F5: Penyusunan Tim Kerja | H5: 0.5 | O5: =AVERAGE(O6:O7)*H5 -> 0.5 | P5: =O5/H5 -> 1
A6: 7 | F6: a. | G6: Unit kerja telah membentuk tim untuk melakukan pembangunan Zona Integritas. | I6: Ya, jika Tim telah dibentuk di dalam unit kerja. | J6: Ya/Tidak | K6: Ya | M6: 1. SK Tim Kerja Pembangunan ZI Menuju WBK/WBBM; 2. SK Perubahan atas SK Tim Kerja Pembangunan ZI Menuju WBK/WBBM (jika ada); 3. SK Perubahan (Kedua, Ketiga, dst) atas SK Tim Kerja Pembangunan ZI Menuju WBK/WBBM (jika ada). Keterangan: Apabila ada penggantian Kepala Satuan Kerja ditambahkan dengan SK Tim Baru. | N6: Ya | O6: =IF(J6="Ya/Tidak",IF(N6="Ya",1,IF(N6="Tidak",0,"Blm Diisi")),IF(J6="A/B/C",IF(N6="A",1,IF(N6="B",0.5,IF(N6="C",0,"Blm Diisi"))),IF(J6="A/B/C/D",IF(N6="A",1,IF(N6="B",0.67,IF(N6="C",0.33,IF(N6="D",0,"Blm Diisi")))),IF(J6="A/B/C/D/E",IF(N6="A",1,IF(N6="B",0.75,IF(N6="C",0.5,IF(N6="D",0.25,IF(N6="E",0,"Blm Diisi"))))),IF(J6="%",IF(N6="","Blm Diisi",N6),IF(J6="Jumlah",IF(N6="","Blm Diisi",""),IF(J6="Rupiah",IF(N6="","Blm Diisi",""),IF(J6="","","-")))))))) -> 1 | R6: a. Unit kerja telah membentuk tim untuk melakukan pembangunan Zona Integritas.
A7: 8 | F7: b. | G7: Penentuan anggota Tim dipilih melalui prosedur/mekanisme yang jelas. | I7: a. Jika dengan prosedur/mekanisme yang jelas dan mewakili seluruh unsur dalam unit kerja. b. Jika sebagian menggunakan prosedur yang mewakili sebagian besar unsur dalam unit kerja. c. Jika tidak di seleksi. | J7: A/B/C | K7: A | M7: Dokumen Kegiatan Rapat Tim Kerja: 1. undangan rapat; 2. daftar hadir; 3. notula dan dokumentasi foto; 4. SK Tim Seleksi; 5. berita acara; 6. laporan pelaksanaan seleksi anggota tim kerja; 7. Daftar Riwayat Hidup dan Daftar Riwayat Pekerjaan (diunduh melalui aplikasi STAR ASN KemenIMIPAS). | N7: A | O7: =IF(J7="Ya/Tidak",IF(N7="Ya",1,IF(N7="Tidak",0,"Blm Diisi")),IF(J7="A/B/C",IF(N7="A",1,IF(N7="B",0.5,IF(N7="C",0,"Blm Diisi"))),IF(J7="A/B/C/D",IF(N7="A",1,IF(N7="B",0.67,IF(N7="C",0.33,IF(N7="D",0,"Blm Diisi")))),IF(J7="A/B/C/D/E",IF(N7="A",1,IF(N7="B",0.75,IF(N7="C",0.5,IF(N7="D",0.25,IF(N7="E",0,"Blm Diisi"))))),IF(J7="%",IF(N7="","Blm Diisi",N7),IF(J7="Jumlah",IF(N7="","Blm Diisi",""),IF(J7="Rupiah",IF(N7="","Blm Diisi",""),IF(J7="","","-")))))))) -> 1 | R7: b. Penentuan anggota Tim dipilih melalui prosedur/mekanisme yang jelas.
A8: 9 | E8: ii. | F8: Rencana Pembangunan Zona Integritas | H8: 1 | O8: =AVERAGE(O9:O11)*H8 -> 1 | P8: =O8/H8 -> 1
A9: 10 | F9: a. | G9: Terdapat dokumen rencana kerja pembangunan Zona Integritas menuju WBK/WBBM. | I9: Ya, jika memiliki rencana kerja pembangunan Zona Integritas. | J9: Ya/Tidak | K9: Ya | M9: Dokumen kegiatan Rapat Penetapan Rencana Kerja dan Target Prioritas: 1. Undangan rapat; 2. daftar hadir; 3. notula dan dokumentasi foto; 4. laporan kegiatan rapat penetapan Rencana Kerja; 5. SK tentang Rencana Kerja dan Target Prioritas Pembangunan ZI menuju WBK/WBBM satuan kerja yang ditandatangani oleh Kepala Satuan Kerja. | N9: Ya | O9: =IF(J9="Ya/Tidak",IF(N9="Ya",1,IF(N9="Tidak",0,"Blm Diisi")),IF(J9="A/B/C",IF(N9="A",1,IF(N9="B",0.5,IF(N9="C",0,"Blm Diisi"))),IF(J9="A/B/C/D",IF(N9="A",1,IF(N9="B",0.67,IF(N9="C",0.33,IF(N9="D",0,"Blm Diisi")))),IF(J9="A/B/C/D/E",IF(N9="A",1,IF(N9="B",0.75,IF(N9="C",0.5,IF(N9="D",0.25,IF(N9="E",0,"Blm Diisi"))))),IF(J9="%",IF(N9="","Blm Diisi",N9),IF(J9="Jumlah",IF(N9="","Blm Diisi",""),IF(J9="Rupiah",IF(N9="","Blm Diisi",""),IF(J9="","","-")))))))) -> 1 | R9: a. Terdapat dokumen rencana kerja pembangunan Zona Integritas menuju WBK/WBBM.
A10: 11 | F10: b. | G10: Dalam dokumen pembangunan terdapat target-target prioritas yang relevan dengan tujuan pembangunan WBK/WBBM. | I10: a. Jika semua target-target prioritas relevan dengan tujuan pembangunan WBK/WBBM. b. Jika sebagian target-target prioritas relevan dengan tujuan pembangunan WBK/WBBM. c. Jika tidak ada target-target prioritas yang relevan dengan tujuan pembangunan WBK/WBBM. | J10: A/B/C | K10: A | M10: Dokumen kegiatan rapat penetapan Rencana Kerja dan Target Prioritas: 1. undangan rapat; 2. daftar hadir; 3. notula dan dokumentasi foto; 4. laporan kegiatan rapat penetapan Rencana Kerja; 5. SK tentang Rencana Kerja dan Target Prioritas Pembangunan ZI menuju WBK/WBBM satuan kerja yang ditandatangani oleh Kepala Satuan Kerja. | N10: A | O10: =IF(J10="Ya/Tidak",IF(N10="Ya",1,IF(N10="Tidak",0,"Blm Diisi")),IF(J10="A/B/C",IF(N10="A",1,IF(N10="B",0.5,IF(N10="C",0,"Blm Diisi"))),IF(J10="A/B/C/D",IF(N10="A",1,IF(N10="B",0.67,IF(N10="C",0.33,IF(N10="D",0,"Blm Diisi")))),IF(J10="A/B/C/D/E",IF(N10="A",1,IF(N10="B",0.75,IF(N10="C",0.5,IF(N10="D",0.25,IF(N10="E",0,"Blm Diisi"))))),IF(J10="%",IF(N10="","Blm Diisi",N10),IF(J10="Jumlah",IF(N10="","Blm Diisi",""),IF(J10="Rupiah",IF(N10="","Blm Diisi",""),IF(J10="","","-")))))))) -> 1 | R10: b. Dalam dokumen pembangunan terdapat target-target prioritas yang relevan dengan tujuan pembangunan WBK/WBBM.
A11: 12 | F11: c. | G11: Terdapat mekanisme atau media untuk mensosialisasikan pembangunan WBK/WBBM. | I11: a. Jika telah dilakukan pengelolaan media/ aktivitas interaktif yang efektif untuk menginformasikan pembangunan ZI kepada internal dan stakeholder secara berkala. b. Jika pengelolaan media/aktivitas interaktif dilakukan secara terbatas dan tidak secara berkala. c. Jika pengelolaan media/aktivitas interaktif belum dilakukan. | J11: A/B/C | K11: A | M11: B03: 1. Dokumen laporan pelaksanaan kegiatan Pencanangan Zona Integritas, yaitu: a. Kegiatan Ekternal Pencanangan Zona Integritas melampirkan Foto, Laporan Kegiatan dan Press release. b. Kegiatan Internal 1) Dokumen Perjanjian Kinerja; 2) Dokumen Penandatanganan Pakta Integritas antara Kepala Satuan Kerja dengan jajaran struktural dibawahnya; 3) Dokumen Pakta Integritas antara jajaran Struktural dalam satuan kerja dengan pegawai. B03, B06, B09, B12: 2. Dokumen kegiatan sosialisasi Kepala satuan kerja/ internalisasi/pembinaan/pendampingan terkait Pembangunan ZI menuju WBK/WBBM: a. undangan; b. daftar hadir; c. notula dan dokumentasi foto; d. laporan kegiatan. 3. Dokumen sosialisasi kepada masyarakat: (minimal 3 dari data dukung di bawah) a. Capture Banner/spanduk/himbauan/brosur; b. Capture Website; c. Capture Media Sosial; d. Capture Media elektronik; e. Capture Media cetak; f. Capture Media TV; g. Laporan kegiatan sosialisasi kepada masyarakat. | N11: A | O11: =IF(J11="Ya/Tidak",IF(N11="Ya",1,IF(N11="Tidak",0,"Blm Diisi")),IF(J11="A/B/C",IF(N11="A",1,IF(N11="B",0.5,IF(N11="C",0,"Blm Diisi"))),IF(J11="A/B/C/D",IF(N11="A",1,IF(N11="B",0.67,IF(N11="C",0.33,IF(N11="D",0,"Blm Diisi")))),IF(J11="A/B/C/D/E",IF(N11="A",1,IF(N11="B",0.75,IF(N11="C",0.5,IF(N11="D",0.25,IF(N11="E",0,"Blm Diisi"))))),IF(J11="%",IF(N11="","Blm Diisi",N11),IF(J11="Jumlah",IF(N11="","Blm Diisi",""),IF(J11="Rupiah",IF(N11="","Blm Diisi",""),IF(J11="","","-")))))))) -> 1 | R11: c. Terdapat mekanisme atau media untuk mensosialisasikan pembangunan WBK/WBBM.
A12: 13 | E12: iii. | F12: Pemantauan dan Evaluasi Pembangunan WBK/WBBM | H12: 1 | O12: =AVERAGE(O13:O15)*H12 -> 1 | P12: =O12/H12 -> 1
A13: 14 | F13: a. | G13: Seluruh kegiatan pembangunan sudah dilaksanakan sesuai dengan rencana. | I13: a. Jika semua kegiatan pembangunan telah dilaksanakan sesuai dengan rencana. b. Jika sebagian besar kegiatan pembangunan telah dilaksanakan sesuai dengan rencana. c. Jika sebagian kecil kegiatan pembangunan telah dilaksanakan sesuai dengan rencana. d. Jika belum ada kegiatan pembangunan yang dilakukan sesuai dengan rencana. | J13: A/B/C/D | K13: A | M13: Dokumen kegiatan rapat pelaksanaan Rencana Aksi dan Target Prioritas oleh Tim Kerja: 1. undangan rapat; 2. daftar hadir; 3. notula dan dokumentasi foto; 4. laporan kegiatan kegiatan pembangunan ZI berdasarkan Rencana Aksi dan Target Prioritas. | N13: A | O13: =IF(J13="Ya/Tidak",IF(N13="Ya",1,IF(N13="Tidak",0,"Blm Diisi")),IF(J13="A/B/C",IF(N13="A",1,IF(N13="B",0.5,IF(N13="C",0,"Blm Diisi"))),IF(J13="A/B/C/D",IF(N13="A",1,IF(N13="B",0.67,IF(N13="C",0.33,IF(N13="D",0,"Blm Diisi")))),IF(J13="A/B/C/D/E",IF(N13="A",1,IF(N13="B",0.75,IF(N13="C",0.5,IF(N13="D",0.25,IF(N13="E",0,"Blm Diisi"))))),IF(J13="%",IF(N13="","Blm Diisi",N13),IF(J13="Jumlah",IF(N13="","Blm Diisi",""),IF(J13="Rupiah",IF(N13="","Blm Diisi",""),IF(J13="","","-")))))))) -> 1 | R13: a. Seluruh kegiatan pembangunan sudah dilaksanakan sesuai dengan rencana.
A14: 15 | F14: b. | G14: Terdapat monitoring dan evaluasi terhadap pembangunan Zona Integritas. | I14: a. Jika monitoring dan evaluasi melibatkan pimpinan dan dilakukan secara berkala. b. Jika monitoring dan evaluasi melibatkan pimpinan tetapi tidak secara berkala. c. Jika monitoring dan evaluasi tidak melibatkan pimpinan dan tidak secara berkala. d. Jika tidak terdapat monitoring dan evaluasi terhadap pembangunan zona integritas. | J14: A/B/C/D | K14: A | M14: Dokumen kegiatan penyusunan laporan hasil monitoring dan evaluasi: 1. undangan rapat; 2. daftar hadir; 3. notula dan dokumentasi foto; 4. laporan hasil monitoring dan evaluasi triwulan. | N14: A | O14: =IF(J14="Ya/Tidak",IF(N14="Ya",1,IF(N14="Tidak",0,"Blm Diisi")),IF(J14="A/B/C",IF(N14="A",1,IF(N14="B",0.5,IF(N14="C",0,"Blm Diisi"))),IF(J14="A/B/C/D",IF(N14="A",1,IF(N14="B",0.67,IF(N14="C",0.33,IF(N14="D",0,"Blm Diisi")))),IF(J14="A/B/C/D/E",IF(N14="A",1,IF(N14="B",0.75,IF(N14="C",0.5,IF(N14="D",0.25,IF(N14="E",0,"Blm Diisi"))))),IF(J14="%",IF(N14="","Blm Diisi",N14),IF(J14="Jumlah",IF(N14="","Blm Diisi",""),IF(J14="Rupiah",IF(N14="","Blm Diisi",""),IF(J14="","","-")))))))) -> 1 | R14: b. Terdapat monitoring dan evaluasi terhadap pembangunan Zona Integritas.
A15: 16 | F15: c. | G15: Hasil Monitoring dan Evaluasi telah ditindaklanjuti. | I15: a. Jika semua catatan/rekomendasi hasil monitoring dan evaluasi tim internal atas persiapan dan pelaksanaan kegiatan Unit WBK/WBBM telah ditindaklanjuti. b. Jika sebagian besar catatan/rekomendasi hasil monitoring danevaluasi tim internal atas persiapan dan pelaksanaan kegiatan Unit WBK/WBBM telah ditindaklanjuti. c. Jika sebagian kecil catatan/rekomendasi hasil monitoring dan evaluasi tim internal atas persiapan dan pelaksanaan kegiatan Unit WBK/WBBM telah ditindaklanjuti. d. Jika catatan/rekomendasi hasil monitoring dan evaluasi tim internal atas persiapan dan pelaksanaan kegiatan Unit WBK/WBBM belum ditindaklanjuti. | J15: A/B/C/D | K15: A | M15: Dokumen kegiatan penyusunan laporan tindak lanjut hasil monitoring dan evaluasi: 1. undangan rapat; 2. daftar hadir; 3. notula dan dokumentasi foto; 4. laporan tindak lanjut hasil monitoring dan evaluasi. | N15: A | O15: =IF(J15="Ya/Tidak",IF(N15="Ya",1,IF(N15="Tidak",0,"Blm Diisi")),IF(J15="A/B/C",IF(N15="A",1,IF(N15="B",0.5,IF(N15="C",0,"Blm Diisi"))),IF(J15="A/B/C/D",IF(N15="A",1,IF(N15="B",0.67,IF(N15="C",0.33,IF(N15="D",0,"Blm Diisi")))),IF(J15="A/B/C/D/E",IF(N15="A",1,IF(N15="B",0.75,IF(N15="C",0.5,IF(N15="D",0.25,IF(N15="E",0,"Blm Diisi"))))),IF(J15="%",IF(N15="","Blm Diisi",N15),IF(J15="Jumlah",IF(N15="","Blm Diisi",""),IF(J15="Rupiah",IF(N15="","Blm Diisi",""),IF(J15="","","-")))))))) -> 1 | R15: c. Hasil Monitoring dan Evaluasi telah ditindaklanjuti.
A16: 17 | E16: iv. | F16: Perubahan pola pikir dan budaya kerja | H16: 1.5 | O16: =AVERAGE(O17:O20)*H16 -> 1.5 | P16: =O16/H16 -> 1
A17: 18 | F17: a. | G17: Pimpinan berperan sebagai role model dalam pelaksanaan Pembangunan WBK/WBBM. | I17: ya, jika pimpinan menjadi contoh pelaksanaan nilai-nilai organisasi. | J17: Ya/Tidak | K17: Ya | M17: 1. Arahan kepala satuan kerja terkait pembangunan ZI dan nilai dasar/core value: a. undangan; b. daftar hadir; c. notula; d. laporan. 2. Absensi pimpinan Satker dan pejabat struktural (Misal sampling: Bulan Januari, Februari, dan Maret) (data dukung diperbaharui tiap triwulan). 3. Dokumentasi pimpinan/pejabat struktural menjadi Pembina apel dan pembina upacara. (data dukung diperbaharui tiap triwulan). 4. Dokumen Jurnal Harian Pimpinan dan Pejabat Struktural (Sampling: Bulan Januari, Februari, dan Maret) (data dukung diperbaharui tiap triwulan): a. Untuk satuan kerja Eselon I, daftar hadir dan jurnal harian yang dibutuhkan sampai kepada Jabatan Struktural Eselon I, II, dan III; b. Untuk satuan kerja Eselon II, daftar hadir dan jurnal harian yang dibutuhkan sampai kepada Jabatan Struktural Eselon II dan III; c. Untuk satuan kerja Eselon III, daftar hadir dan jurnal harian yang dibutuhkan sampai kepada Jabatan Struktural Eselon III dan IV. | N17: Ya | O17: =IF(J17="Ya/Tidak",IF(N17="Ya",1,IF(N17="Tidak",0,"Blm Diisi")),IF(J17="A/B/C",IF(N17="A",1,IF(N17="B",0.5,IF(N17="C",0,"Blm Diisi"))),IF(J17="A/B/C/D",IF(N17="A",1,IF(N17="B",0.67,IF(N17="C",0.33,IF(N17="D",0,"Blm Diisi")))),IF(J17="A/B/C/D/E",IF(N17="A",1,IF(N17="B",0.75,IF(N17="C",0.5,IF(N17="D",0.25,IF(N17="E",0,"Blm Diisi"))))),IF(J17="%",IF(N17="","Blm Diisi",N17),IF(J17="Jumlah",IF(N17="","Blm Diisi",""),IF(J17="Rupiah",IF(N17="","Blm Diisi",""),IF(J17="","","-")))))))) -> 1 | R17: a. Pimpinan berperan sebagai role model dalam pelaksanaan Pembangunan WBK/WBBM.
A18: 19 | F18: b. | G18: Sudah ditetapkan agen perubahan. | I18: a. Jika agen perubahan telah ditetapkan dan berkontribusi terhadap perubahan pada unit kerjanya. b. Jika agen perubahan telah ditetapkan namun belum berkontribusi terhadap perubahan pada unit kerjanya. c. Jika belum terdapat agen perubahan. | J18: A/B/C | K18: A | M18: Dokumen pelaksanaan kegiatan penetapan Agen Perubahan: 1. undangan; 2. daftar hadir; 3. notula dan dokumentasi foto; 4. Riwayat Hidup dan rekam jejak agen perubahan; 5. SK Agen Perubahan yang ditetapkan oleh Kepala Satuan Kerja. Keterangan : Masing-masing Agen Perubahan yang ditunjuk harus memiliki prestasi/kontribusi dalam pembangunan ZI dan satu agen perubahan minimal memiliki satu produk perubahan, yang terintegrasi dengan Sistem Manajemen pada satuan kerja (tidak termasuk jingle, maskot, jargon). | N18: A | O18: =IF(J18="Ya/Tidak",IF(N18="Ya",1,IF(N18="Tidak",0,"Blm Diisi")),IF(J18="A/B/C",IF(N18="A",1,IF(N18="B",0.5,IF(N18="C",0,"Blm Diisi"))),IF(J18="A/B/C/D",IF(N18="A",1,IF(N18="B",0.67,IF(N18="C",0.33,IF(N18="D",0,"Blm Diisi")))),IF(J18="A/B/C/D/E",IF(N18="A",1,IF(N18="B",0.75,IF(N18="C",0.5,IF(N18="D",0.25,IF(N18="E",0,"Blm Diisi"))))),IF(J18="%",IF(N18="","Blm Diisi",N18),IF(J18="Jumlah",IF(N18="","Blm Diisi",""),IF(J18="Rupiah",IF(N18="","Blm Diisi",""),IF(J18="","","-")))))))) -> 1 | R18: b. Sudah ditetapkan agen perubahan.
A19: 20 | F19: c. | G19: Telah dibangun budaya kerja dan pola pikir di lingkungan organisasi. | I19: a. Jika telah dilakukan upaya pembangunan budaya kerja dan pola pikir dan mampu mengurangi resistensi atas perubahan. b. Jika telah dilakukan upaya pembangunan budaya kerja dan pola pikir tapi masih terdapat resistensi atas perubahan. c. Jika belum terdapat upaya pembangunan budaya kerja dan pola pikir. | J19: A/B/C | K19: A | M19: B03: 1. Dokumen Laporan Pelaksanaan Kegiatan Pelatihan budaya kerja atau BerAKHLAK (Kegiatan dapat dilakukan oleh internal satuan kerja. Contoh: Workshop, in House Training) 2. Dokumen laporan pelaksanaan kegiatan penerapan budaya kerja berikut dokumentasinya. B03, B06, B09, B12: 3. Dokumentasi pegawai yang menerima reward dan punishment. Contoh: a. Penghargaan/Piagam terhadap pegawai terbaik/ teladan atas kehadiran dan kinerja; dan b. SK Hukdis/Usulan Penjatuhan Hukdis dan BAP. (Jika tidak terdapat hukdis menggunakan surat keterangan kasatker yang menyatakan bahwa tidak terdapat pegawai yang sedang dalam proses atau menjalani hukdis pada satuan kerja) | N19: A | O19: =IF(J19="Ya/Tidak",IF(N19="Ya",1,IF(N19="Tidak",0,"Blm Diisi")),IF(J19="A/B/C",IF(N19="A",1,IF(N19="B",0.5,IF(N19="C",0,"Blm Diisi"))),IF(J19="A/B/C/D",IF(N19="A",1,IF(N19="B",0.67,IF(N19="C",0.33,IF(N19="D",0,"Blm Diisi")))),IF(J19="A/B/C/D/E",IF(N19="A",1,IF(N19="B",0.75,IF(N19="C",0.5,IF(N19="D",0.25,IF(N19="E",0,"Blm Diisi"))))),IF(J19="%",IF(N19="","Blm Diisi",N19),IF(J19="Jumlah",IF(N19="","Blm Diisi",""),IF(J19="Rupiah",IF(N19="","Blm Diisi",""),IF(J19="","","-")))))))) -> 1 | R19: c. Telah dibangun budaya kerja dan pola pikir di lingkungan organisasi.
A20: 21 | F20: d. | G20: Anggota organisasi terlibat dalam pembangunan Zona Integritas menuju WBK/WBBM. | I20: a. Jika semua anggota terlibat dalam pembangunan Zona Integritas menuju WBK/ WBBM dan usulan-usulan dari anggota diakomodasikan dalam keputusan. b. Jika sebagian besar anggota terlibat dalam pembangunan Zona Integritas menuju WBK/ WBBM. c. Jika sebagian kecil anggota terlibat dalam pembangunan Zona Integritas menuju WBK/ WBBM. d. Jika belum ada anggota terlibat dalam pembangunan Zona Integritas menuju WBK/ WBBM. | J20: A/B/C/D | K20: A | M20: B03: 1. Dokumen kegiatan yang melibatkan seluruh pegawai dalam pembangunan ZI menuju WBK/WBBM seperti rapat pembuatan jingle satker, rapat pembuatan motto atau slogan satker, yel-yel, maskot dan jargon, kegiatan pemasangan banner/poster dan coffee briefing/coffee morning: a) undangan; b) daftar hadir; c) notula yang menjelaskan keterlibatan pegawai dalam memberikan usulan seperti usulan yel-yel, jargon, maskot dll. dan dokumentasi foto; d) Laporan. B03, B06, B09, B12: 2. Dokumen laporan kegiatan yang melibatkan seluruh pegawai seperti apel pagi dan apel sore, jumat olahraga, dan kegiatan rohani. | N20: A | O20: =IF(J20="Ya/Tidak",IF(N20="Ya",1,IF(N20="Tidak",0,"Blm Diisi")),IF(J20="A/B/C",IF(N20="A",1,IF(N20="B",0.5,IF(N20="C",0,"Blm Diisi"))),IF(J20="A/B/C/D",IF(N20="A",1,IF(N20="B",0.67,IF(N20="C",0.33,IF(N20="D",0,"Blm Diisi")))),IF(J20="A/B/C/D/E",IF(N20="A",1,IF(N20="B",0.75,IF(N20="C",0.5,IF(N20="D",0.25,IF(N20="E",0,"Blm Diisi"))))),IF(J20="%",IF(N20="","Blm Diisi",N20),IF(J20="Jumlah",IF(N20="","Blm Diisi",""),IF(J20="Rupiah",IF(N20="","Blm Diisi",""),IF(J20="","","-")))))))) -> 1 | R20: d. Anggota organisasi terlibat dalam pembangunan Zona Integritas menuju WBK/WBBM.
A21: 22 | D21: 2. | E21: PENATAAN TATALAKSANA | H21: 3.5 | O21: =SUM(O22,O26,O31) -> 3.5 | P21: =O21/H21 -> 1
A22: 23 | E22: i. | F22: Prosedur Operasional Tetap (SOP) Kegiatan Utama | H22: 1 | O22: =AVERAGE(O23:O25)*H22 -> 1 | P22: =O22/H22 -> 1
A23: 24 | F23: a. | G23: SOP mengacu pada peta proses bisnis instansi. | I23: a. Jika semua SOP unit telah mengacu peta proses bisnis dan juga melakukan inovasi yang selaras. b. Jika semua SOP unit telah mengacu peta proses bisnis. c. Jika sebagian SOP unit telah mengacu peta proses bisnis. d. Jika belum terdapat SOP unit yang mengacu peta proses bisnis. | J23: A/B/C/D | K23: A | M23: 1. Dokumen Peta Bisnis Instansi (Kementerian). 2. Dokumen SOP Pusat/Unit Eselon I. 3. Dokumen SOP Flowchart dan Grafik Satuan Kerja. 4. Dokumen SOP Inovasi Flowchart dan Grafik (Ditetapkan oleh Ka. UPT/Satker). Penyusunan SOP mengacu kepada format yang ditetapkan dalam Permenpanrb Nomor 35 Tahun 2012 tentang Pedoman Penyusunan Standar Operasional Prosedur Administrasi Pemerintahan. Keterangan: Apabila Dokumen Peta Bisnis Instansi (Kementerian) belum tersedia, data dukung dapat dipenuhi dengan melampirkan: a. draf Dokumen Peta Bisnis Instansi; dan b. Surat Pernyataan Kepala Biro Sumber Daya Manusia Organisasi dan Ketatalaksanaan yang menyatakan bahwa Dokumen Peta Bisnis belum tersedia serta dilampirkan juga dengan timeline penyelesaiannya. | N23: A | O23: =IF(J23="Ya/Tidak",IF(N23="Ya",1,IF(N23="Tidak",0,"Blm Diisi")),IF(J23="A/B/C",IF(N23="A",1,IF(N23="B",0.5,IF(N23="C",0,"Blm Diisi"))),IF(J23="A/B/C/D",IF(N23="A",1,IF(N23="B",0.67,IF(N23="C",0.33,IF(N23="D",0,"Blm Diisi")))),IF(J23="A/B/C/D/E",IF(N23="A",1,IF(N23="B",0.75,IF(N23="C",0.5,IF(N23="D",0.25,IF(N23="E",0,"Blm Diisi"))))),IF(J23="%",IF(N23="","Blm Diisi",N23),IF(J23="Jumlah",IF(N23="","Blm Diisi",""),IF(J23="Rupiah",IF(N23="","Blm Diisi",""),IF(J23="","","-")))))))) -> 1 | R23: a. SOP mengacu pada peta proses bisnis instansi.
A24: 25 | F24: b. | G24: Prosedur operasional tetap (SOP) telah diterapkan. | I24: a. Jika unit telah menerapkan seluruh SOP yang ditetapkan organisasi dan juga melakukan inovasi pada SOP yang diterapkan. b. Jika unit telah menerapkan seluruh SOP yang ditetapkan organisasi. c. Jika unit telah menerapkan sebagian besar SOP yang ditetapkan organisasi. d. Jika unit telah menerapkan sebagian kecil SOP yang ditetapkan organisasi. e. Jika unit belum menerapkan SOP yang telah ditetapkan organisasi. | J24: A/B/C/D/E | K24: A | M24: 1. Kepala Satuan Kerja menerbitkan kembali SOP dari Unit Eselon I/Kementerian dalam bentuk SK Kepala Satuan Kerja serta melakukan inovasi terkait dengan pelayanan yang dilaksanakan di satuan kerja. 2. Dokumentasi pemasangan/informasi tentang alur atau prosedur layanan. | N24: A | O24: =IF(J24="Ya/Tidak",IF(N24="Ya",1,IF(N24="Tidak",0,"Blm Diisi")),IF(J24="A/B/C",IF(N24="A",1,IF(N24="B",0.5,IF(N24="C",0,"Blm Diisi"))),IF(J24="A/B/C/D",IF(N24="A",1,IF(N24="B",0.67,IF(N24="C",0.33,IF(N24="D",0,"Blm Diisi")))),IF(J24="A/B/C/D/E",IF(N24="A",1,IF(N24="B",0.75,IF(N24="C",0.5,IF(N24="D",0.25,IF(N24="E",0,"Blm Diisi"))))),IF(J24="%",IF(N24="","Blm Diisi",N24),IF(J24="Jumlah",IF(N24="","Blm Diisi",""),IF(J24="Rupiah",IF(N24="","Blm Diisi",""),IF(J24="","","-")))))))) -> 1 | R24: b. Prosedur operasional tetap (SOP) telah diterapkan.
A25: 26 | F25: c. | G25: Prosedur operasional tetap (SOP) telah dievaluasi. | I25: a. Jika seluruh SOP utama telah dievaluasi dan telah ditindaklanjuti berupa perbaikan SOP atau usulan perbaikan SOP. b. Jika sebagian besar SOP utama telah dievaluasi dan telah ditindaklanjuti berupa perbaikan SOP atau usulan perbaikan SOP. c. Jika sebagian besar SOP utama telah dievaluasi tetapi belum ditindaklanjuti. d. Jika sebagian kecil SOP utama telah dievaluasi. e. Jika SOP belum pernah dievaluasi. | J25: A/B/C/D/E | K25: A | M25: Dokumen monitoring dan evaluasi penerapan SOP satuan kerja: 1. undangan; 2. daftar hadir; 3. notula dan dokumentasi kegiatan; 4. laporan hasil monitoring dan evaluasi penerapan SOP berisi Matriks perubahan SOP semula dan SOP Perubahan atau usulan perbaikan SOP. | N25: A | O25: =IF(J25="Ya/Tidak",IF(N25="Ya",1,IF(N25="Tidak",0,"Blm Diisi")),IF(J25="A/B/C",IF(N25="A",1,IF(N25="B",0.5,IF(N25="C",0,"Blm Diisi"))),IF(J25="A/B/C/D",IF(N25="A",1,IF(N25="B",0.67,IF(N25="C",0.33,IF(N25="D",0,"Blm Diisi")))),IF(J25="A/B/C/D/E",IF(N25="A",1,IF(N25="B",0.75,IF(N25="C",0.5,IF(N25="D",0.25,IF(N25="E",0,"Blm Diisi"))))),IF(J25="%",IF(N25="","Blm Diisi",N25),IF(J25="Jumlah",IF(N25="","Blm Diisi",""),IF(J25="Rupiah",IF(N25="","Blm Diisi",""),IF(J25="","","-")))))))) -> 1 | R25: c. Prosedur operasional tetap (SOP) telah dievaluasi.
A26: 27 | E26: ii. | F26: Sistem Pemerintahan Berbasis Elektronik (SPBE) | H26: 2 | O26: =AVERAGE(O27:O30)*H26 -> 2 | P26: =O26/H26 -> 1
A27: 28 | F27: a. | G27: Sistem pengukuran kinerja unit sudah menggunakan teknologi informasi. | I27: a. Jika unit memiliki sistem pengukuran kinerja (e-performance/e-sakip) yang menggunakan teknologi informasi dan juga melakukan inovasi. b. Jika unit memiliki sistem pengukuran kinerja (e-performance/e-sakip) yang menggunakan teknologi informasi. c. Jika belum memiliki sistem pengukuran kinerja (e-performance/e-sakip) yang menggunakan teknologi informasi. | J27: A/B/C | K27: A | M27: 1. Capture penggunaan teknologi/aplikasi pengukuran kinerja. 2. Capture Inovasi terkait sistem pengukuran kinerja pada satuan kerja. (jika ada) 3. Jurnal Harian pegawai yang ditandatangani oleh pegawai yang bersangkutan dan atasan langsung. | N27: A | O27: =IF(J27="Ya/Tidak",IF(N27="Ya",1,IF(N27="Tidak",0,"Blm Diisi")),IF(J27="A/B/C",IF(N27="A",1,IF(N27="B",0.5,IF(N27="C",0,"Blm Diisi"))),IF(J27="A/B/C/D",IF(N27="A",1,IF(N27="B",0.67,IF(N27="C",0.33,IF(N27="D",0,"Blm Diisi")))),IF(J27="A/B/C/D/E",IF(N27="A",1,IF(N27="B",0.75,IF(N27="C",0.5,IF(N27="D",0.25,IF(N27="E",0,"Blm Diisi"))))),IF(J27="%",IF(N27="","Blm Diisi",N27),IF(J27="Jumlah",IF(N27="","Blm Diisi",""),IF(J27="Rupiah",IF(N27="","Blm Diisi",""),IF(J27="","","-")))))))) -> 1 | R27: a. Sistem pengukuran kinerja unit sudah menggunakan teknologi informasi.
A28: 29 | F28: b. | G28: Operasionalisasi manajemen SDM sudah menggunakan teknologi informasi. | I28: a. Jika unit memiliki operasionalisasi manajemen SDM yang menggunakan teknologi informasi dan juga melakukan inovasi. b. Jika unit memiliki operasionalisasi manajemen SDM yang menggunakan teknologi informasi secara terpusat. c. Jika belum menggunakan teknologi informasi dalam operasionalisasi manajemen SDM. | J28: A/B/C | K28: A | M28: 1. Capture penggunaan teknologi/aplikasi STAR ASN. 2. Capture Inovasi terkait manajemen SDM menggunakan teknologi informasi pada satuan kerja. (jika ada) Keterangan: maksimal nilai B jika belum terdapat inovasi. | N28: A | O28: =IF(J28="Ya/Tidak",IF(N28="Ya",1,IF(N28="Tidak",0,"Blm Diisi")),IF(J28="A/B/C",IF(N28="A",1,IF(N28="B",0.5,IF(N28="C",0,"Blm Diisi"))),IF(J28="A/B/C/D",IF(N28="A",1,IF(N28="B",0.67,IF(N28="C",0.33,IF(N28="D",0,"Blm Diisi")))),IF(J28="A/B/C/D/E",IF(N28="A",1,IF(N28="B",0.75,IF(N28="C",0.5,IF(N28="D",0.25,IF(N28="E",0,"Blm Diisi"))))),IF(J28="%",IF(N28="","Blm Diisi",N28),IF(J28="Jumlah",IF(N28="","Blm Diisi",""),IF(J28="Rupiah",IF(N28="","Blm Diisi",""),IF(J28="","","-")))))))) -> 1 | R28: b. Operasionalisasi manajemen SDM sudah menggunakan teknologi informasi.
A29: 30 | F29: c. | G29: Pemberian pelayanan kepada publik sudah menggunakan teknologi informasi. | I29: a. Jika unit memberikan pelayanan kepada publik dengan menggunakan teknologi informasi terpusat/unit sendiri dan terdapat inovasi. b. Jika unit memberikan pelayanan kepada publik dengan menggunakan teknologi informasi secara terpusat. c. Jika belum memberikan pelayanan kepada publik dengan menggunakan teknologi informasi. | J29: A/B/C | K29: A | M29: 1. Capture penggunaan teknologi informasi dalam memberikan pelayanan kepada publik yang disediakan secara terpusat; 2. Capture penggunaan teknologi informasi dalam memberikan pelayanan kepada publik yang disediakan secara mandiri/ inovasi satuan kerja (jika ada). | N29: A | O29: =IF(J29="Ya/Tidak",IF(N29="Ya",1,IF(N29="Tidak",0,"Blm Diisi")),IF(J29="A/B/C",IF(N29="A",1,IF(N29="B",0.5,IF(N29="C",0,"Blm Diisi"))),IF(J29="A/B/C/D",IF(N29="A",1,IF(N29="B",0.67,IF(N29="C",0.33,IF(N29="D",0,"Blm Diisi")))),IF(J29="A/B/C/D/E",IF(N29="A",1,IF(N29="B",0.75,IF(N29="C",0.5,IF(N29="D",0.25,IF(N29="E",0,"Blm Diisi"))))),IF(J29="%",IF(N29="","Blm Diisi",N29),IF(J29="Jumlah",IF(N29="","Blm Diisi",""),IF(J29="Rupiah",IF(N29="","Blm Diisi",""),IF(J29="","","-")))))))) -> 1 | R29: c.Pemberian pelayanan kepada publik sudah menggunakan teknologi informasi.
A30: 31 | F30: d | G30: Telah dilakukan monitoring dan dan evaluasi terhadap pemanfaatan teknologi informasi dalam pengukuran kinerja unit, operasionalisasi SDM, dan pemberian layanan kepada publik. | I30: a. Jika laporan monitoring dan evaluasi terhadap pemanfaatan teknologi informasi dalam pengukuran kinerja unit, operasionalisasi SDM, dan pemberian layanan kepada publik sudah dilakukan secara berkala. b. Jika laporan monitoring dan evaluasi terhadap pemanfaatan teknologi informasi dalam pengukuran kinerja unit, operasionalisasi SDM, dan pemberian layanan kepada publik sudah dilakukan tetapi tidak secara berkala. c. Jika tidak terdapat monitoring dan evaluasi terhadap pemanfaatan teknologi informasi dalam pengukuran kinerja unit, operasionalisasi SDM, dan pemberian layanan kepada publik. | J30: A/B/C | K30: A | M30: Dokumen kegiatan monitoring dan evaluasi terhadap pemanfaatan teknologi informasi dalam pengukuran kinerja unit, operasionalisasi SDM, dan pemberian layanan kepada publik: 1. Undangan; 2. Daftar Hadir; 3. Notula dan Dokumentasi Foto; 4. Laporan Monitoring dan Evaluasi. | N30: A | O30: =IF(J30="Ya/Tidak",IF(N30="Ya",1,IF(N30="Tidak",0,"Blm Diisi")),IF(J30="A/B/C",IF(N30="A",1,IF(N30="B",0.5,IF(N30="C",0,"Blm Diisi"))),IF(J30="A/B/C/D",IF(N30="A",1,IF(N30="B",0.67,IF(N30="C",0.33,IF(N30="D",0,"Blm Diisi")))),IF(J30="A/B/C/D/E",IF(N30="A",1,IF(N30="B",0.75,IF(N30="C",0.5,IF(N30="D",0.25,IF(N30="E",0,"Blm Diisi"))))),IF(J30="%",IF(N30="","Blm Diisi",N30),IF(J30="Jumlah",IF(N30="","Blm Diisi",""),IF(J30="Rupiah",IF(N30="","Blm Diisi",""),IF(J30="","","-")))))))) -> 1 | R30: d. Telah dilakukan monitoring dan dan evaluasi terhadap pemanfaatan teknologi informasi dalam pengukuran kinerja unit, operasionalisasi SDM, dan pemberian layanan kepada publik.
A31: 32 | E31: iii. | F31: Keterbukaan Informasi Publik | H31: 0.5 | O31: =AVERAGE(O32:O33)*H31 -> 0.5 | P31: =O31/H31 -> 1
A32: 33 | F32: a. | G32: Kebijakan tentang keterbukaan informasi publik telah diterapkan. | I32: a. Jika sudah terdapat Pejabat Pengelola Informasi Publik (PPID) yang menyebarkan seluruh informasi yang dapat diakses secara mutakhir dan lengkap. b. Jika sudah terdapat PPID yang menyebarkan sebagian informasi yang dapat diakses secara mutakhir dan lengkap. c. Jika belum ada PPID dan belum melakukan penyebaran informasi publik. | J32: A/B/C | K32: A | M32: B03: 1. SK Kepala Satuan Kerja tentang Penetapan Pejabat Pengelola Informasi Publik (PPID). B03, B06, B09, B12: 2. Laporan pelaksanaan kegiatan Tim PPID dalam hal penyebarluasan informasi: a. Undangan; b. Daftar hadir; c. Notula dan Dokumentasi; d. Laporan hasil pelaksanaan keterbukaan informasi publik. | N32: A | O32: =IF(J32="Ya/Tidak",IF(N32="Ya",1,IF(N32="Tidak",0,"Blm Diisi")),IF(J32="A/B/C",IF(N32="A",1,IF(N32="B",0.5,IF(N32="C",0,"Blm Diisi"))),IF(J32="A/B/C/D",IF(N32="A",1,IF(N32="B",0.67,IF(N32="C",0.33,IF(N32="D",0,"Blm Diisi")))),IF(J32="A/B/C/D/E",IF(N32="A",1,IF(N32="B",0.75,IF(N32="C",0.5,IF(N32="D",0.25,IF(N32="E",0,"Blm Diisi"))))),IF(J32="%",IF(N32="","Blm Diisi",N32),IF(J32="Jumlah",IF(N32="","Blm Diisi",""),IF(J32="Rupiah",IF(N32="","Blm Diisi",""),IF(J32="","","-")))))))) -> 1 | R32: a. Kebijakan tentang keterbukaan informasi publik telah diterapkan
A33: 34 | F33: b. | G33: Telah dilakukan monitoring dan evaluasi pelaksanaan kebijakan keterbukaan informasi publik. | I33: a. Jika dilakukan monitoring dan evaluasi pelaksanaan kebijakan keterbukaan informasi publik dan telah ditindaklanjuti. b. Jika monitoring dan evaluasi pelaksanaan kebijakan keterbukaan informasi publik telah dilakukan tetapi belum ditindaklanjuti. c. Jika monitoring dan evaluasi pelaksanaan kebijakan keterbukaan informasi publik belum dilakukan. | J33: A/B/C | K33: A | M33: 1. Laporan hasil monitoring dan evaluasi pelaksanaan kebijakan keterbukaan informasi publik oleh tim PPID. 2. Laporan tindak lanjut monitoring dan evaluasi. | N33: A | O33: =IF(J33="Ya/Tidak",IF(N33="Ya",1,IF(N33="Tidak",0,"Blm Diisi")),IF(J33="A/B/C",IF(N33="A",1,IF(N33="B",0.5,IF(N33="C",0,"Blm Diisi"))),IF(J33="A/B/C/D",IF(N33="A",1,IF(N33="B",0.67,IF(N33="C",0.33,IF(N33="D",0,"Blm Diisi")))),IF(J33="A/B/C/D/E",IF(N33="A",1,IF(N33="B",0.75,IF(N33="C",0.5,IF(N33="D",0.25,IF(N33="E",0,"Blm Diisi"))))),IF(J33="%",IF(N33="","Blm Diisi",N33),IF(J33="Jumlah",IF(N33="","Blm Diisi",""),IF(J33="Rupiah",IF(N33="","Blm Diisi",""),IF(J33="","","-")))))))) -> 1 | R33: b. Telah dilakukan monitoring dan evaluasi pelaksanaan kebijakan keterbukaan informasi publik.
A34: 35 | D34: 3. | E34: PENATAAN SISTEM MANAJEMEN SDM APARATUR | H34: 5 | O34: =SUM(O35,O39,O43,O50,O55,O57) -> 5 | P34: =O34/H34 -> 1
A35: 36 | E35: i. | F35: Perencanaan Kebutuhan Pegawai sesuai dengan Kebutuhan Organisasi | H35: 0.25 | O35: =AVERAGE(O36:O38)*H35 -> 0.25 | P35: =O35/H35 -> 1
A36: 37 | F36: a. | G36: Kebutuhan pegawai yang disusun oleh unit kerja mengacu kepada peta jabatan dan hasil analisis beban kerja untuk masing-masing jabatan. | I36: Ya, jika kebutuhan pegawai yang disusun oleh unit kerja mengacu kepada peta jabatan dan hasil analisis beban kerja untuk masing-masing jabatan. | J36: Ya/Tidak | K36: Ya | M36: 1. Peta Jabatan mengacu kepada format Lampiran VI Perka BKN Nomor 9 Tahun 2022 tentang Tata Cara Pelaksanaan Penyusunan Kebutuhan ASN yang ditandatangani oleh kepala satuan kerja. 2. Analisis Jabatan mengacu kepada format dalam Lampiran I s.d. V Peraturan BKN Nomor 9 Tahun 2022 tentang Tata Cara Pelaksanaan Penyusunan Kebutuhan ASN. 3. Dokumen Kebutuhan Pegawai mengacu kepada format dalam Lampiran VII Perka BKN Nomor 9 Tahun 2022 tentang Tata Cara Pelaksanaan Penyusunan Kebutuhan ASN. 4. Surat usulan kebutuhan pegawai dari Unit Kerja yang ditujukan kepada Sekretariat Jenderal melalui Kanwil. 5. Dokumen Rapat kebutuhan pegawai berupa Undangan, Daftar Hadir, Notula dan Dokumentasi Foto sesuai dengan ketentuan yang berlaku mengenai tata naskah dinas di lingkungan Kementerian Imigrasi dan Pemasyarakatan . Keterangan: Jika terdapat perubahan diupdate pada triwulan berikutnya. | N36: Ya | O36: =IF(J36="Ya/Tidak",IF(N36="Ya",1,IF(N36="Tidak",0,"Blm Diisi")),IF(J36="A/B/C",IF(N36="A",1,IF(N36="B",0.5,IF(N36="C",0,"Blm Diisi"))),IF(J36="A/B/C/D",IF(N36="A",1,IF(N36="B",0.67,IF(N36="C",0.33,IF(N36="D",0,"Blm Diisi")))),IF(J36="A/B/C/D/E",IF(N36="A",1,IF(N36="B",0.75,IF(N36="C",0.5,IF(N36="D",0.25,IF(N36="E",0,"Blm Diisi"))))),IF(J36="%",IF(N36="","Blm Diisi",N36),IF(J36="Jumlah",IF(N36="","Blm Diisi",""),IF(J36="Rupiah",IF(N36="","Blm Diisi",""),IF(J36="","","-")))))))) -> 1 | R36: a. Kebutuhan pegawai yang disusun oleh unit kerja mengacu kepada peta jabatan dan hasil analisis beban kerja untuk masing-masing jabatan.
A37: 38 | F37: b. | G37: Penempatan pegawai hasil rekrutmen murni mengacu kepada kebutuhan pegawai yang telah disusun per jabatan. | I37: a. Jika semua penempatan pegawai hasil rekrutmen murni mengacu kepada kebutuhan pegawai yang telah disusun per jabatan. b. Jika sebagian besar penempatan pegawai hasil rekrutmen murni mengacu kepada kebutuhan pegawai yang telah disusun per jabatan. c. Jika sebagian kecil penempatan pegawai hasil rekrutmen murni mengacu kepada kebutuhan pegawai yang telah disusun per jabatan. d. Jika penempatan pegawai hasil rekrutmen murni tidak mengacu kepada kebutuhan pegawai yang telah disusun per jabatan. | J37: A/B/C/D | K37: A | M37: 1. SK CPNS hasil dari Penerimaan CPNS yang terakhir/terbaru. 2. Surat pengantar penempatan CPNS dari Kanwil ke Unit Kerja. 3. Surat Perintah Melaksanakan Tugas (SPMT) dari Kepala Satuan Kerja. 4. Surat Keputusan MenPANRB tentang Penetapan Kebutuhan PNS di Lingkungan Kementerian Imigrasi dan Pemasyarakatan Tahun Anggaran terakhir. Dokumen ini didapatkan dari Biro SDMA, Organisasi dan Ketatalaksanaan. | N37: A | O37: =IF(J37="Ya/Tidak",IF(N37="Ya",1,IF(N37="Tidak",0,"Blm Diisi")),IF(J37="A/B/C",IF(N37="A",1,IF(N37="B",0.5,IF(N37="C",0,"Blm Diisi"))),IF(J37="A/B/C/D",IF(N37="A",1,IF(N37="B",0.67,IF(N37="C",0.33,IF(N37="D",0,"Blm Diisi")))),IF(J37="A/B/C/D/E",IF(N37="A",1,IF(N37="B",0.75,IF(N37="C",0.5,IF(N37="D",0.25,IF(N37="E",0,"Blm Diisi"))))),IF(J37="%",IF(N37="","Blm Diisi",N37),IF(J37="Jumlah",IF(N37="","Blm Diisi",""),IF(J37="Rupiah",IF(N37="","Blm Diisi",""),IF(J37="","","-")))))))) -> 1 | R37: b. Penempatan pegawai hasil rekrutmen murni mengacu kepada kebutuhan pegawai yang telah disusun per jabatan.
A38: 39 | F38: c. | G38: Telah dilakukan monitoring dan dan evaluasi terhadap penempatan pegawai rekrutmen untuk memenuhi kebutuhan jabatan dalam organisasi telah memberikan perbaikan terhadap kinerja unit kerja. | I38: Ya, jika sudah dilakukan monitoring dan evaluasi terhadap penempatan pegawai hasil rekrutmen untuk memenuhi kebutuhan jabatan dalam organisasi telah memberikan perbaikan terhadap kinerja unit kerja. | J38: Ya/Tidak | K38: Ya | M38: Dokumen kegiatan monitoring dan evaluasi tentang penempatan pegawai terhadap kinerja unit: 1. Undangan; 2. Daftar hadir; 3. Notula dan dokumentasi foto; 4. Laporan hasil monitoring dan evaluasi tentang penempatan pegawai terhadap kinerja unit. | N38: Ya | O38: =IF(J38="Ya/Tidak",IF(N38="Ya",1,IF(N38="Tidak",0,"Blm Diisi")),IF(J38="A/B/C",IF(N38="A",1,IF(N38="B",0.5,IF(N38="C",0,"Blm Diisi"))),IF(J38="A/B/C/D",IF(N38="A",1,IF(N38="B",0.67,IF(N38="C",0.33,IF(N38="D",0,"Blm Diisi")))),IF(J38="A/B/C/D/E",IF(N38="A",1,IF(N38="B",0.75,IF(N38="C",0.5,IF(N38="D",0.25,IF(N38="E",0,"Blm Diisi"))))),IF(J38="%",IF(N38="","Blm Diisi",N38),IF(J38="Jumlah",IF(N38="","Blm Diisi",""),IF(J38="Rupiah",IF(N38="","Blm Diisi",""),IF(J38="","","-")))))))) -> 1 | R38: c. Telah dilakukan monitoring dan dan evaluasi terhadap penempatan pegawai rekrutmen untuk memenuhi kebutuhan jabatan dalam organisasi telah memberikan perbaikan terhadap kinerja unit kerja.
A39: 40 | E39: ii. | F39: Pola Mutasi Internal | H39: 0.5 | O39: =AVERAGE(O40:O42)*H39 -> 0.5 | P39: =O39/H39 -> 1
A40: 41 | F40: a. | G40: Dalam melakukan pengembangan karier pegawai, telah dilakukan mutasi pegawai antar jabatan. | I40: Ya, jika dilakukan mutasi pegawai antar jabatan sebagai wujud dari pengembangan karier pegawai. | J40: Ya/Tidak | K40: Ya | M40: 1. Dokumen rapat pembahasan mutasi/rotasi antar jabatan berupa undangan, daftar hadir, dokumentasi dan notula yang memuat upaya pengembangan karir sebagai dasar pertimbangan mutasi/rotasi. Format dokumen disesuaikan dengan Keputusan Menteri Imigrasi dan Pemasyarakatan Nomor M.IP-10.HK.03. 02 Tahun 2025. 2. SK mutasi/rotasi atau surat usulan mutasi/rotasi dari UPT, Kanwil dan/atau Unit Utama. 3. Daftar Riwayat Pekerjaan/ Hidup (DRP/DRH). Keterangan: Jika terdapat perubahan diupdate pada triwulan berikutnya. | N40: Ya | O40: =IF(J40="Ya/Tidak",IF(N40="Ya",1,IF(N40="Tidak",0,"Blm Diisi")),IF(J40="A/B/C",IF(N40="A",1,IF(N40="B",0.5,IF(N40="C",0,"Blm Diisi"))),IF(J40="A/B/C/D",IF(N40="A",1,IF(N40="B",0.67,IF(N40="C",0.33,IF(N40="D",0,"Blm Diisi")))),IF(J40="A/B/C/D/E",IF(N40="A",1,IF(N40="B",0.75,IF(N40="C",0.5,IF(N40="D",0.25,IF(N40="E",0,"Blm Diisi"))))),IF(J40="%",IF(N40="","Blm Diisi",N40),IF(J40="Jumlah",IF(N40="","Blm Diisi",""),IF(J40="Rupiah",IF(N40="","Blm Diisi",""),IF(J40="","","-")))))))) -> 1 | R40: a. Dalam melakukan pengembangan karier pegawai, telah dilakukan mutasi pegawai antar jabatan.
A41: 42 | F41: b. | G41: Dalam melakukan mutasi pegawai antar jabatan telah memperhatikan kompetensi jabatan dan mengikuti pola mutasi yang telah ditetapkan. | I41: a. Jika semua mutasi pegawai antar jabatan telah memperhatikan kompetensi jabatan dan mengikuti pola mutasi yang telah ditetapkan organisasi dan juga unit kerja memberikan pertimbangan terkait hal ini. b. Jika semua mutasi pegawai antar jabatan telah memperhatikan kompetensi jabatan dan mengikuti pola mutasi yang telah ditetapkan organisasi. c. Jika sebagian besar mutasi pegawai antar jabatan telah memperhatikan kompetensi jabatan dan mengikuti pola mutasi yang telah ditetapkan organisasi. d. Jika sebagian kecil semua mutasi pegawai antar jabatan telah memperhatikan kompetensi jabatan dan mengikuti pola mutasi yang telah ditetapkan organisasi. e. Jika mutasi pegawai antar jabatan belum memperhatikan kompetensi jabatan dan mengikuti pola mutasi yang telah ditetapkan organisasi. | J41: A/B/C/D/E | K41: A | M41: 1. Dokumen rapat pembahasan mutasi/rotasi antar jabatan berupa undangan, daftar hadir, dokumentasi dan notula yang memuat kompetensi jabatan dan pola mutasi sebagai dasar pertimbangan mutasi/rotasi. Format dokumen disesuaikan dengan Keputusan Menteri Imigrasi dan Pemasyarakatan Nomor M.IP-10.HK.03.02 Tahun 2025. 2. SK mutasi/rotasi atau surat usulan mutasi/rotasi dari UPT, Kanwil dan/atau Unit Utama. 3. Daftar Riwayat Pekerjaan/ Hidup (DRP/DRH). 4. Dokumen Hasil Profile Assesment. Keterangan: Jika terdapat perubahan diupdate pada triwulan berikutnya. | N41: A | O41: =IF(J41="Ya/Tidak",IF(N41="Ya",1,IF(N41="Tidak",0,"Blm Diisi")),IF(J41="A/B/C",IF(N41="A",1,IF(N41="B",0.5,IF(N41="C",0,"Blm Diisi"))),IF(J41="A/B/C/D",IF(N41="A",1,IF(N41="B",0.67,IF(N41="C",0.33,IF(N41="D",0,"Blm Diisi")))),IF(J41="A/B/C/D/E",IF(N41="A",1,IF(N41="B",0.75,IF(N41="C",0.5,IF(N41="D",0.25,IF(N41="E",0,"Blm Diisi"))))),IF(J41="%",IF(N41="","Blm Diisi",N41),IF(J41="Jumlah",IF(N41="","Blm Diisi",""),IF(J41="Rupiah",IF(N41="","Blm Diisi",""),IF(J41="","","-")))))))) -> 1 | R41: b. Dalam melakukan mutasi pegawai antar jabatan telah memperhatikan kompetensi jabatan dan mengikuti pola mutasi yang telah ditetapkan.
A42: 43 | F42: c. | G42: Telah dilakukan monitoring dan evaluasi terhadap kegiatan mutasi yang telah dilakukan dalam kaitannya dengan perbaikan kinerja. | I42: Ya, jika sudah dilakukan monitoring dan evaluasi terhadap kegiatan mutasi yang telah dilakukan dalam kaitannya dengan perbaikan kinerja. | J42: Ya/Tidak | K42: Ya | M42: Dokumen kegiatan monitoring dan evaluasi tentang pengaruh mutasi pegawai terhadap kinerja unit berupa: 1. Undangan; 2. Daftar hadir; 3. Notula dan dokumentasi foto; 4. Laporan hasil monitoring dan evaluasi atas kegiatan mutasi yang telah dilakukan dikaitkan dengan perbaikan kinerja. Format dokumen disesuaikan dengan Keputusan Menteri Imigrasi dan Pemasyarakatan Nomor M.IP-10.HK.03.02 Tahun 2025. | N42: Ya | O42: =IF(J42="Ya/Tidak",IF(N42="Ya",1,IF(N42="Tidak",0,"Blm Diisi")),IF(J42="A/B/C",IF(N42="A",1,IF(N42="B",0.5,IF(N42="C",0,"Blm Diisi"))),IF(J42="A/B/C/D",IF(N42="A",1,IF(N42="B",0.67,IF(N42="C",0.33,IF(N42="D",0,"Blm Diisi")))),IF(J42="A/B/C/D/E",IF(N42="A",1,IF(N42="B",0.75,IF(N42="C",0.5,IF(N42="D",0.25,IF(N42="E",0,"Blm Diisi"))))),IF(J42="%",IF(N42="","Blm Diisi",N42),IF(J42="Jumlah",IF(N42="","Blm Diisi",""),IF(J42="Rupiah",IF(N42="","Blm Diisi",""),IF(J42="","","-")))))))) -> 1 | R42: c. Telah dilakukan monitoring dan evaluasi terhadap kegiatan mutasi yang telah dilakukan dalam kaitannya dengan perbaikan kinerja.
A43: 44 | E43: iii. | F43: Pengembangan Pegawai Berbasis Kompetensi | H43: 1.25 | O43: =AVERAGE(O44:O49)*H43 -> 1.25 | P43: =O43/H43 -> 1
A44: 45 | F44: a. | G44: Unit Kerja melakukan Training Need Analysis Untuk pengembangan kompetensi. | I44: Ya, jika sudah dilakukan Training Need Analysis Untuk pengembangan kompetensi. | J44: Ya/Tidak | K44: Ya | M44: 1. Dokumen Rencana Pengembangan Sumber Daya Manusia Aparatur yang disahkan oleh Sekretaris Jenderal yang sekurangnya memuat: a. Analisis ketercapaian sasaran dan target kinerja (Organizational Analysis); b. Analisis kesesuaian pelaksanaan tugas dan fungsi tiap pejabat/pegawai dalam rangka pencapaian sasaran dan target kinerja (Task Analysis); c. Analisis kesesuaian dan kesenjangan kompetensi pejabat/pegawai dibandingkan dengan standar kompetensi yang telah ditetapkan sesuai tugas dan fungsinya (Person Analysis); d. Kesimpulan; e. Rekomendasi yang berisi kebutuhan pendidikan atau pelatihan berdasarkan hasil analisis. Bentuk pendidikan atau pelatihan yang direkomendasikan mengacu pada Peraturan Lembaga Administrasi Negara RI Nomor 10 Tahun 2018 tentang Pedoman Pengembangan Kompetensi Pegawai Negeri Sipil. (Dokumen diperoleh dari Biro SDMA, Organisasi dan Ketatalaksanaan). 2. - Untuk UPT: Dokumen inventarisasi kebutuhan pengembangan kompetensi yang ditandatangani oleh Kepala Satuan Kerja, yang disampaikan kepada Kepala Kantor Wilayah dan Sekretariat Jenderal. - Untuk Kanwil dan Unit Eselon I: Dokumen inventarisasi kebutuhan pengembangan kompetensi yang ditandatangani oleh Kepala Satuan Kerja, yang disampaikan kepada Sekretariat Jenderal. | N44: Ya | O44: =IF(J44="Ya/Tidak",IF(N44="Ya",1,IF(N44="Tidak",0,"Blm Diisi")),IF(J44="A/B/C",IF(N44="A",1,IF(N44="B",0.5,IF(N44="C",0,"Blm Diisi"))),IF(J44="A/B/C/D",IF(N44="A",1,IF(N44="B",0.67,IF(N44="C",0.33,IF(N44="D",0,"Blm Diisi")))),IF(J44="A/B/C/D/E",IF(N44="A",1,IF(N44="B",0.75,IF(N44="C",0.5,IF(N44="D",0.25,IF(N44="E",0,"Blm Diisi"))))),IF(J44="%",IF(N44="","Blm Diisi",N44),IF(J44="Jumlah",IF(N44="","Blm Diisi",""),IF(J44="Rupiah",IF(N44="","Blm Diisi",""),IF(J44="","","-")))))))) -> 1 | R44: a. Unit Kerja melakukan Training Need Analysis Untuk pengembangan kompetensi.
A45: 46 | F45: b. | G45: Dalam menyusun rencana pengembangan kompetensi pegawai, telah mempertimbangkan hasil pengelolaan kinerja pegawai. | I45: a. Jika semua rencana pengembangan kompetensi pegawai mempertimbangkan hasil pengelolaan kinerja pegawai. b. Jika sebagian besar rencana pengembangan kompetensi pegawai mempertimbangkan hasil pengelolaan kinerja pegawai. c. Jika sebagian kecil rencana pengembangan kompetensi pegawai mempertimbangkan hasil pengelolaan kinerja pegawai. d. Jika belum ada rencana pengembangan kompetensi pegawai yang mempertimbangkan hasil pengelolaan kinerja pegawai. | J45: A/B/C/D | K45: A | M45: Dokumen Rencana Pengembangan Sumber Daya Manusia Aparatur yang disahkan oleh Sekretaris Jenderal yang sekurangnya memuat: 1. Analisis ketercapaian sasaran dan target kinerja (Organizational Analysis); 2. Analisis kesesuaian pelaksanaan tugas dan fungsi tiap pejabat/pegawai dalam rangka pencapaian sasaran dan target kinerja (Task Analysis); 3. Analisis kesesuaian dan kesenjangan kompetensi pejabat/pegawai dibandingkan dengan standar kompetensi yang telah ditetapkan sesuai tugas dan fungsinya (Person Analysis); 4. Kesimpulan; 5. Rekomendasi yang berisi kebutuhan pendidikan atau pelatihan berdasarkan hasil analisis. Bentuk pendidikan atau pelatihan yang direkomendasikan mengacu pada Peraturan Lembaga Administrasi Negara RI Nomor 10 Tahun 2018 tentang Pedoman Pengembangan Kompetensi Pegawai Negeri Sipil. (Dokumen diperoleh dari Biro Sumber Daya Manusia Aparatur, Organisasi dan Ketatalaksanaan). | N45: A | O45: =IF(J45="Ya/Tidak",IF(N45="Ya",1,IF(N45="Tidak",0,"Blm Diisi")),IF(J45="A/B/C",IF(N45="A",1,IF(N45="B",0.5,IF(N45="C",0,"Blm Diisi"))),IF(J45="A/B/C/D",IF(N45="A",1,IF(N45="B",0.67,IF(N45="C",0.33,IF(N45="D",0,"Blm Diisi")))),IF(J45="A/B/C/D/E",IF(N45="A",1,IF(N45="B",0.75,IF(N45="C",0.5,IF(N45="D",0.25,IF(N45="E",0,"Blm Diisi"))))),IF(J45="%",IF(N45="","Blm Diisi",N45),IF(J45="Jumlah",IF(N45="","Blm Diisi",""),IF(J45="Rupiah",IF(N45="","Blm Diisi",""),IF(J45="","","-")))))))) -> 1 | R45: b. Dalam menyusun rencana pengembangan kompetensi pegawai, telah mempertimbangkan hasil pengelolaan kinerja pegawai.
A46: 47 | F46: c. | G46: Tingkat kesenjangan kompetensi pegawai yang ada dengan standar kompetensi yang ditetapkan untuk masing-masing jabatan. | I46: a. Jika persentase kesenjangan kompetensi pegawai dengan standar kompetensi yang ditetapkan sebesar <25%. b. Jika persentase kesenjangan kompetensi pegawai dengan standar kompetensi yang ditetapkan sebesar >25%-50%. c. Jika sebagian besar kompetensi pegawai dengan standar kompetensi yang ditetapkan untuk masing-masing jabatan >50% -75%. d. Jika persentase kesenjangan kompetensi pegawai dengan standar kompetensi yang ditetapkan sebesar >75%-100%. | J46: A/B/C/D | K46: A | M46: Laporan Analisa Pemetaan Kesenjangan Kompetensi Pegawai yang memuat data seluruh pegawai dibandingkan dengan data hasil penilaian kompetensi pegawai dengan standar kompetensi jabatan disertai lampiran data hasil uji kompetensi pada STAR ASN. | N46: A | O46: =IF(J46="Ya/Tidak",IF(N46="Ya",1,IF(N46="Tidak",0,"Blm Diisi")),IF(J46="A/B/C",IF(N46="A",1,IF(N46="B",0.5,IF(N46="C",0,"Blm Diisi"))),IF(J46="A/B/C/D",IF(N46="A",1,IF(N46="B",0.67,IF(N46="C",0.33,IF(N46="D",0,"Blm Diisi")))),IF(J46="A/B/C/D/E",IF(N46="A",1,IF(N46="B",0.75,IF(N46="C",0.5,IF(N46="D",0.25,IF(N46="E",0,"Blm Diisi"))))),IF(J46="%",IF(N46="","Blm Diisi",N46),IF(J46="Jumlah",IF(N46="","Blm Diisi",""),IF(J46="Rupiah",IF(N46="","Blm Diisi",""),IF(J46="","","-")))))))) -> 1 | R46: c. Tingkat kesenjangan kompetensi pegawai yang ada dengan standar kompetensi yang ditetapkan untuk masing-masing jabatan.
A47: 48 | F47: d. | G47: Pegawai di Unit Kerja telah memperoleh kesempatan/hak untuk mengikuti diklat maupun pengembangan kompetensi lainnya. | I47: a. Jika seluruh pegawai di Unit Kerja telah memperoleh kesempatan/hak untuk mengikuti diklat maupun pengembangan kompetensi lainnya. b. Jika sebagian besar pegawai di Unit Kerja telah memperoleh kesempatan/hak untuk mengikuti diklat maupun pengembangan kompetensi lainnya. c. Jika sebagian kecil pegawai di Unit Kerja telah memperoleh kesempatan/hak untuk mengikuti diklat maupun pengembangan kompetensi lainnya. d. Jika belum ada pegawai di Unit Kerja telah memperoleh kesempatan/hak untuk mengikuti diklat maupun pengembangan kompetensi lainnya. | J47: A/B/C/D | K47: A | M47: 1. Rekapitulasi data seluruh pegawai yang telah mengikuti pendidikan dan pelatihan, coaching, mentoring, bimbingan teknis, sosialisasi, training atau pengembangan kompetensi lainnya dengan mengacu pada Lampiran Peraturan Lembaga Administrasi Negara Nomor 10 Tahun 2018 tentang Pengembangan Kompetensi Pegawai Negeri Sipil. 2. Sertifikat/ Piagam/ Surat Keterangan yang menerangkan keikutsertaan pengembangan kompetensi berdasarkan rekapitulasi data seluruh pegawai yang telah mengikuti pengembangan kompetensi. | N47: A | O47: =IF(J47="Ya/Tidak",IF(N47="Ya",1,IF(N47="Tidak",0,"Blm Diisi")),IF(J47="A/B/C",IF(N47="A",1,IF(N47="B",0.5,IF(N47="C",0,"Blm Diisi"))),IF(J47="A/B/C/D",IF(N47="A",1,IF(N47="B",0.67,IF(N47="C",0.33,IF(N47="D",0,"Blm Diisi")))),IF(J47="A/B/C/D/E",IF(N47="A",1,IF(N47="B",0.75,IF(N47="C",0.5,IF(N47="D",0.25,IF(N47="E",0,"Blm Diisi"))))),IF(J47="%",IF(N47="","Blm Diisi",N47),IF(J47="Jumlah",IF(N47="","Blm Diisi",""),IF(J47="Rupiah",IF(N47="","Blm Diisi",""),IF(J47="","","-")))))))) -> 1 | R47: d. Pegawai di Unit Kerja telah memperoleh kesempatan/hak untuk mengikuti diklat maupun pengembangan kompetensi lainnya.
A48: 49 | F48: e. | G48: Dalam pelaksanaan pengembangan kompetensi, unit kerja melakukan upaya pengembangan kompetensi kepada pegawai (seperti pengikutsertaan pada lembaga pelatihan, in-house training, coaching, atau mentoring). | I48: a. Jika unit kerja melakukan upaya pengembangan kompetensi kepada seluruh pegawai. b. Jika unit kerja melakukan upaya pengembangan kompetensi kepada sebagian besar pegawai. c. Jika unit kerja melakukan upaya pengembangan kompetensi kepada sebagian kecil pegawai. d. Jika unit kerja belum melakukan upaya pengembangan kompetensi kepada pegawai. | J48: A/B/C/D | K48: A | M48: 1. Dokumen kegiatan seperti pengikutsertaan pada lembaga pelatihan, in house training, pelatihan, mentoring atau kegiatan yang bersifat pengembangan kompetensi, yang dilakukan oleh Pegawai atau Pejabat yang telah mengikuti pengembangan kompetensi (dengan mengacu pada Lampiran PerkaLAN Nomor 10 Tahun 2018 Tentang Pengembangan Kompetensi PNS) di Lingkungan Satuan Kerja itu sendiri berupa: a. Undangan/Surat Perintah/SK Kepala Satuan Kerja; b. Daftar hadir; c. Laporan kegiatan; d. Print out materi; e. Dokumentasi foto. Format dokumen mengacu pada ketentuan yang berlaku di lingkungan KemenIMIPAS yang mengatur mengenai tata naskah dinas; 2. Rekapitulasi pengembangan kompetensi pegawai. Keterangan: Jika terdapat update data diunggah pada triwulan berikutnya jika tidak menggunakan data triwulan sebelumnya. | N48: A | O48: =IF(J48="Ya/Tidak",IF(N48="Ya",1,IF(N48="Tidak",0,"Blm Diisi")),IF(J48="A/B/C",IF(N48="A",1,IF(N48="B",0.5,IF(N48="C",0,"Blm Diisi"))),IF(J48="A/B/C/D",IF(N48="A",1,IF(N48="B",0.67,IF(N48="C",0.33,IF(N48="D",0,"Blm Diisi")))),IF(J48="A/B/C/D/E",IF(N48="A",1,IF(N48="B",0.75,IF(N48="C",0.5,IF(N48="D",0.25,IF(N48="E",0,"Blm Diisi"))))),IF(J48="%",IF(N48="","Blm Diisi",N48),IF(J48="Jumlah",IF(N48="","Blm Diisi",""),IF(J48="Rupiah",IF(N48="","Blm Diisi",""),IF(J48="","","-")))))))) -> 1 | R48: e. Dalam pelaksanaan pengembangan kompetensi, unit kerja melakukan upaya pengembangan kompetensi kepada pegawai (seperti pengikutsertaan pada lembaga pelatihan, in-house training, coaching, atau mentoring).
A49: 50 | F49: f. | G49: Telah dilakukan monitoring dan evaluasi terhadap hasil pengembangan kompetensi dalam kaitannya dengan perbaikan kinerja. | I49: a. Jika monitoring dan evaluasi terhadap hasil pengembangan kompetensi dalam kaitannya dengan perbaikan kinerja telah dilakukan secara berkala. b. Jika monitoring dan evaluasi terhadap hasil pengembangan kompetensi dalam kaitannya dengan perbaikan kinerja telah dilakukan namun tidak secara berkala. c. Jika monitoring dan evaluasi terhadap hasil pengembangan kompetensi dalam kaitannya dengan perbaikan kinerja belum dilakukan. | J49: A/B/C | K49: A | M49: 1. Dokumen laporan hasil monitoring dan evaluasi terhadap hasil pengembangan kompetensi dalam kaitannya dengan perbaikan kinerja. Laporan Monev Tahunan 2. Dokumen laporan monitoring dan evaluasi kegiatan pengembangan kompetensi yang didapatkan dari BPSDM melalui Biro Perencanaan dan Keuangan Keterangan: Apabila belum tersedia data dukung poin 2, maka dipenuhi dengan Surat Pernyataan Kepala Biro Perencanaan dan Keuangan | N49: A | O49: =IF(J49="Ya/Tidak",IF(N49="Ya",1,IF(N49="Tidak",0,"Blm Diisi")),IF(J49="A/B/C",IF(N49="A",1,IF(N49="B",0.5,IF(N49="C",0,"Blm Diisi"))),IF(J49="A/B/C/D",IF(N49="A",1,IF(N49="B",0.67,IF(N49="C",0.33,IF(N49="D",0,"Blm Diisi")))),IF(J49="A/B/C/D/E",IF(N49="A",1,IF(N49="B",0.75,IF(N49="C",0.5,IF(N49="D",0.25,IF(N49="E",0,"Blm Diisi"))))),IF(J49="%",IF(N49="","Blm Diisi",N49),IF(J49="Jumlah",IF(N49="","Blm Diisi",""),IF(J49="Rupiah",IF(N49="","Blm Diisi",""),IF(J49="","","-")))))))) -> 1 | R49: f. Telah dilakukan monitoring dan evaluasi terhadap hasil pengembangan kompetensi dalam kaitannya dengan perbaikan kinerja.
A50: 51 | E50: iv. | F50: Penetapan Kinerja Individu | H50: 2 | O50: =AVERAGE(O51:O54)*H50 -> 2 | P50: =O50/H50 -> 1
A51: 52 | F51: a. | G51: Terdapat penetapan kinerja individu yang terkait dengan perjanjian kinerja organisasi. | I51: a. Jika seluruh penetapan kinerja individu terkait dengan kinerja organisasi serta perjanjian kinerja selaras dengan sasaran kinerja pegawai (SKP). b. Jika sebagian besar penetapan kinerja individu terkait dengan kinerja organisasi. c. Jika sebagian kecil penetapan kinerja individu terkait dengan kinerja organisasi. d. Jika belum ada penetapan kinerja individu terkait dengan kinerja organisasi. | J51: A/B/C/D | K51: A | M51: 1. Dokumen SKP (berdasar ketentuan terbaru) 10 orang pegawai dan pejabat (secara berjenjang) yang disetujui dan ditandatangani oleh atasan langsung. 2. Dokumen Perjanjian Kinerja Kepala Satuan Kerja yang disetujui dan ditandatangani oleh atasan langsung. 3. Dokumen Perjanjian Kinerja Pejabat Struktural yang disetujui dan ditandatangani oleh Kepala Satuan Kerja. | N51: A | O51: =IF(J51="Ya/Tidak",IF(N51="Ya",1,IF(N51="Tidak",0,"Blm Diisi")),IF(J51="A/B/C",IF(N51="A",1,IF(N51="B",0.5,IF(N51="C",0,"Blm Diisi"))),IF(J51="A/B/C/D",IF(N51="A",1,IF(N51="B",0.67,IF(N51="C",0.33,IF(N51="D",0,"Blm Diisi")))),IF(J51="A/B/C/D/E",IF(N51="A",1,IF(N51="B",0.75,IF(N51="C",0.5,IF(N51="D",0.25,IF(N51="E",0,"Blm Diisi"))))),IF(J51="%",IF(N51="","Blm Diisi",N51),IF(J51="Jumlah",IF(N51="","Blm Diisi",""),IF(J51="Rupiah",IF(N51="","Blm Diisi",""),IF(J51="","","-")))))))) -> 1 | R51: a. Terdapat penetapan kinerja individu yang terkait dengan perjanjian kinerja organisasi
A52: 53 | F52: b. | G52: Ukuran kinerja individu telah memiliki kesesuaian dengan indikator kinerja individu level diatasnya. | I52: a. Jika seluruh ukuran kinerja individu telah memiliki kesesuaian dengan indikator kinerja individu level diatasnya serta menggambarkan logic model. b. Jika sebagian besar ukuran kinerja individu telah memiliki kesesuaian dengan indikator kinerja individu level diatasnya. c. Jika sebagian kecil ukuran kinerja individu telah memiliki kesesuaian dengan indikator kinerja individu level diatasnya. d. Jika ukuran kinerja individu belum memiliki kesesuaian dengan indikator kinerja individu level diatasnya. | J52: A/B/C/D | K52: A | M52: 1. Dokumen Perjanjian Kinerja. 2. Dokumen Sasaran Kinerja Pegawai disusun secara berjenjang dari pimpinan satuan kerja sampai dengan pegawai dibawahnya. | N52: A | O52: =IF(J52="Ya/Tidak",IF(N52="Ya",1,IF(N52="Tidak",0,"Blm Diisi")),IF(J52="A/B/C",IF(N52="A",1,IF(N52="B",0.5,IF(N52="C",0,"Blm Diisi"))),IF(J52="A/B/C/D",IF(N52="A",1,IF(N52="B",0.67,IF(N52="C",0.33,IF(N52="D",0,"Blm Diisi")))),IF(J52="A/B/C/D/E",IF(N52="A",1,IF(N52="B",0.75,IF(N52="C",0.5,IF(N52="D",0.25,IF(N52="E",0,"Blm Diisi"))))),IF(J52="%",IF(N52="","Blm Diisi",N52),IF(J52="Jumlah",IF(N52="","Blm Diisi",""),IF(J52="Rupiah",IF(N52="","Blm Diisi",""),IF(J52="","","-")))))))) -> 1 | R52: b. Ukuran kinerja individu telah memiliki kesesuaian dengan indikator kinerja individu level diatasnya.
A53: 54 | F53: c. | G53: Pengukuran kinerja individu dilakukan secara periodik. | I53: a. Jika pengukuran kinerja individu dilakukan secara bulanan. b. Jika pengukuran kinerja individu dilakukan secara triwulanan. c. Jika pengukuran kinerja individu dilakukan secara semesteran. d. Jika pengukuran kinerja individu dilakukan secara tahunan. e. Jika pengukuran kinerja individu belum dilakukan. | J53: A/B/C/D/E | K53: A | M53: 1. Dokumen Umpan Balik Kinerja Pegawai setiap bulan; 2. Jurnal harian pegawai berdasarkan cascading pada SKP yang diakumulasikan selama satu bulan; 3. Penilaian SKP per triwulan. | N53: A | O53: =IF(J53="Ya/Tidak",IF(N53="Ya",1,IF(N53="Tidak",0,"Blm Diisi")),IF(J53="A/B/C",IF(N53="A",1,IF(N53="B",0.5,IF(N53="C",0,"Blm Diisi"))),IF(J53="A/B/C/D",IF(N53="A",1,IF(N53="B",0.67,IF(N53="C",0.33,IF(N53="D",0,"Blm Diisi")))),IF(J53="A/B/C/D/E",IF(N53="A",1,IF(N53="B",0.75,IF(N53="C",0.5,IF(N53="D",0.25,IF(N53="E",0,"Blm Diisi"))))),IF(J53="%",IF(N53="","Blm Diisi",N53),IF(J53="Jumlah",IF(N53="","Blm Diisi",""),IF(J53="Rupiah",IF(N53="","Blm Diisi",""),IF(J53="","","-")))))))) -> 1 | R53: c. Pengukuran kinerja individu dilakukan secara periodik.
A54: 55 | F54: d. | G54: Hasil penilaian kinerja individu telah dijadikan dasar untuk pemberian reward. | I54: Ya, jika hasil hasil penilaian kinerja individu telah dijadikan dasar untuk pemberian reward. (Seperti: pengembangan karir individu, atau penghargaan) | J54: Ya/Tidak | K54: Ya | M54: 1. Dokumentasi kegiatan rapat pemberian reward berdasarkan hasil penilaian kinerja individu berupa undangan, daftar hadir, dokumentasi foto dan notula. 2. Surat Keputusan Kepala Satuan Kerja tentang pemberian reward kepada pegawai/pejabat berdasarkan hasil penilaian kinerja individu dan dokumentasi foto simbolis penyerahan reward. | N54: Ya | O54: =IF(J54="Ya/Tidak",IF(N54="Ya",1,IF(N54="Tidak",0,"Blm Diisi")),IF(J54="A/B/C",IF(N54="A",1,IF(N54="B",0.5,IF(N54="C",0,"Blm Diisi"))),IF(J54="A/B/C/D",IF(N54="A",1,IF(N54="B",0.67,IF(N54="C",0.33,IF(N54="D",0,"Blm Diisi")))),IF(J54="A/B/C/D/E",IF(N54="A",1,IF(N54="B",0.75,IF(N54="C",0.5,IF(N54="D",0.25,IF(N54="E",0,"Blm Diisi"))))),IF(J54="%",IF(N54="","Blm Diisi",N54),IF(J54="Jumlah",IF(N54="","Blm Diisi",""),IF(J54="Rupiah",IF(N54="","Blm Diisi",""),IF(J54="","","-")))))))) -> 1 | R54: d. Hasil penilaian kinerja individu telah dijadikan dasar untuk pemberian reward.
A55: 56 | E55: v. | F55: Penegakan Aturan Disiplin/Kode Etik/Kode Perilaku Pegawai | H55: 0.75 | O55: =AVERAGE(O56)*H55 -> 0.75 | P55: =O55/H55 -> 1
A56: 57 | F56: a. | G56: Aturan disiplin/kode etik/kode perilaku telah dilaksanakan/ diimplementasikan. | I56: a. Jika unit kerja telah mengimplementasikan seluruh aturan disiplin/kode etik/kode perilaku yang ditetapkan organisasi dan juga membuat inovasi terkait aturan disiplin/kode etik/kode perilaku yang sesuai dengan karakteristik unit kerja. b. Jika unit kerja telah mengimplementasikan seluruh aturan disiplin/kode etik/kode perilaku yang ditetapkan organisasi. c. Jika unit kerja telah mengimplementasikan sebagian aturan disiplin/kode etik/kode perilaku yang ditetapkan organisasi. d. Jika unit kerja belum mengimplementasikan aturan disiplin/kode etik/kode perilaku yang ditetapkan organisasi. | J56: A/B/C/D | K56: A | M56: 1. Laporan implementasi inovasi terkait aturan disiplin/kode etik/kode perilaku pada satuan kerja (jika ada). B03: 1. Permenkumham Nomor 20 Tahun 2017 tentang Kode Etik dan Perilaku Pegawai Kementerian Hukum dan HAM RI. 2. Kode Etik dan Kode Perilaku Unit Kerja yang memiliki karakteristik khusus (Permenkumham Nomor M.HH-16.KP. 05.02 Tahun 2011 untuk Pegawai Pemasyarakatan dan Permenkumham Nomor M.HH-02.KP.05.02 Tahun 2010 untuk Pegawai Imigrasi). 3. Dokumen sosialisasi kode etik dan kode perilaku pegawai berupa undangan, daftar hadir, laporan, dokumentasi foto. B03, B06, B09, B12: 1. Laporan Pelaksanaan Penegakan kode etik pada satuan kerja | N56: A | O56: =IF(J56="Ya/Tidak",IF(N56="Ya",1,IF(N56="Tidak",0,"Blm Diisi")),IF(J56="A/B/C",IF(N56="A",1,IF(N56="B",0.5,IF(N56="C",0,"Blm Diisi"))),IF(J56="A/B/C/D",IF(N56="A",1,IF(N56="B",0.67,IF(N56="C",0.33,IF(N56="D",0,"Blm Diisi")))),IF(J56="A/B/C/D/E",IF(N56="A",1,IF(N56="B",0.75,IF(N56="C",0.5,IF(N56="D",0.25,IF(N56="E",0,"Blm Diisi"))))),IF(J56="%",IF(N56="","Blm Diisi",N56),IF(J56="Jumlah",IF(N56="","Blm Diisi",""),IF(J56="Rupiah",IF(N56="","Blm Diisi",""),IF(J56="","","-")))))))) -> 1 | R56: a. "Aturan disiplin/kode etik/kode perilaku telah dilaksanakan/ diimplementasikan."
A57: 58 | E57: vi. | F57: Sistem Informasi Kepegawaian | H57: 0.25 | O57: =AVERAGE(O58)*H57 -> 0.25 | P57: =O57/H57 -> 1
A58: 59 | F58: a. | G58: Data informasi kepegawaian unit kerja telah dimutakhirkan secara berkala. | I58: a. Jika data informasi kepegawaian unit kerja dapat diakses oleh pegawai dan dimutakhirkan setiap ada perubahan data pegawai. b. Jika data informasi kepegawaian unit kerja dapat diakses oleh pegawai dan dimutakhirkan namun secara berkala. c. Jika data informasi kepegawaian unit kerja belum dimutakhirkan. | J58: A/B/C | K58: A | M58: 1. Screenshot/Printout menu Profil 10 orang pegawai/pejabat dari STAR ASN khususnya untuk Sub Menu: a. Identitas Pegawai; b. Rekam Jejak Kepegawaian (Pangkat, Golongan, Jabatan, SKP, KGB); c. Rekam Jejak Pendidikan; d. Mutasi. 2. Laporan pelaksanaan pemutakhiran data pegawai setiap kali ada perubahan. | N58: A | O58: =IF(J58="Ya/Tidak",IF(N58="Ya",1,IF(N58="Tidak",0,"Blm Diisi")),IF(J58="A/B/C",IF(N58="A",1,IF(N58="B",0.5,IF(N58="C",0,"Blm Diisi"))),IF(J58="A/B/C/D",IF(N58="A",1,IF(N58="B",0.67,IF(N58="C",0.33,IF(N58="D",0,"Blm Diisi")))),IF(J58="A/B/C/D/E",IF(N58="A",1,IF(N58="B",0.75,IF(N58="C",0.5,IF(N58="D",0.25,IF(N58="E",0,"Blm Diisi"))))),IF(J58="%",IF(N58="","Blm Diisi",N58),IF(J58="Jumlah",IF(N58="","Blm Diisi",""),IF(J58="Rupiah",IF(N58="","Blm Diisi",""),IF(J58="","","-")))))))) -> 1 | R58: a. Data informasi kepegawaian unit kerja telah dimutakhirkan secara berkala.
A59: 60 | D59: 4. | E59: PENGUATAN AKUNTABILITAS | H59: 5 | O59: =SUM(O60,O64) -> 5 | P59: =O59/H59 -> 1
A60: 61 | E60: i. | F60: Keterlibatan Pimpinan | H60: 2.5 | O60: =AVERAGE(O61:O63)*H60 -> 2.5 | P60: =O60/H60 -> 1
A61: 62 | F61: a. | G61: Unit kerja telah melibatkan pimpinan secara langsung pada saat penyusunan perencanaan. | I61: a. Jika pimpinan selalu terlibat dalam seluruh tahapan penyusunan perencanaan. b. Jika pimpinan ikut terlibat dalam sebagian tahapan penyusunan perencanaan. c. Jika tidak ada keterlibatan pimpinan dalam penyusunan perencanaan (hanya menandatangani). | J61: A/B/C | K61: A | M61: 1. Dokumen penyusunan perencanaan (RKA-KL): a. Undangan; b. Daftar hadir; c. Notula dan dokumentasi foto; d. Usulan RKA-KL kepada Unit Eselon I Pembina atau Sekretariat Jenderal. 2. Dokumen Kegiatan Penandatanganan Perjanjian Kinerja: a. Undangan; b. Daftar hadir; c. Notula dan dokumentasi foto; d. Dokumen Perjanjian Kinerja seluruh pejabat struktural 3. Dokumen Penyusunan Rencana Kerja Tahunan: a. Undangan; b. Daftar hadir; c. Notula dan dokumentasi foto; d. Usulan Rencana Kerja Tahunan. Keterangan: 1. Unit Utama, melibatkan seluruh pejabat struktural Eselon II sampai dengan Eselon IV; 2. Kanwil dan UPT, melibatkan Pimti Pratama dan seluruh pejabat administrasi (Eselon III, IV, dan V); 3. Dokumen Perjanjian Kinerja, Perencanaan (RKA K/L dan RKT). | N61: A | O61: =IF(J61="Ya/Tidak",IF(N61="Ya",1,IF(N61="Tidak",0,"Blm Diisi")),IF(J61="A/B/C",IF(N61="A",1,IF(N61="B",0.5,IF(N61="C",0,"Blm Diisi"))),IF(J61="A/B/C/D",IF(N61="A",1,IF(N61="B",0.67,IF(N61="C",0.33,IF(N61="D",0,"Blm Diisi")))),IF(J61="A/B/C/D/E",IF(N61="A",1,IF(N61="B",0.75,IF(N61="C",0.5,IF(N61="D",0.25,IF(N61="E",0,"Blm Diisi"))))),IF(J61="%",IF(N61="","Blm Diisi",N61),IF(J61="Jumlah",IF(N61="","Blm Diisi",""),IF(J61="Rupiah",IF(N61="","Blm Diisi",""),IF(J61="","","-")))))))) -> 1 | R61: a. Unit kerja telah melibatkan pimpinan secara langsung pada saat penyusunan perencanaan.
A62: 63 | F62: b. | G62: Unit kerja telah melibatkan secara langsung pimpinan saat penyusunan penetapan kinerja. | I62: a. Jika pimpinan selalu terlibat dalam seluruh tahapan penyusunan perjanjian kinerja. b. Jika pimpinan terlibat dalam sebagian tahapan penyusunan perjanjian kinerja. c. Jika tidak ada keterlibatan pimpinan dalam penyusunan perjanjian kinerja. | J62: A/B/C | K62: A | M62: 1. Dokumen kegiatan rapat penyusunan penetapan kinerja: a. Undangan; b. Daftar hadir; c. Notula dan dokumentasi foto. 2. Dokumen perjanjian kinerja yang sudah ditandatangani oleh pimpinan/kepala Satuan Kerja. 3. Dokumentasi Foto Pimpinan menandatangani perjanjian kinerja. | N62: A | O62: =IF(J62="Ya/Tidak",IF(N62="Ya",1,IF(N62="Tidak",0,"Blm Diisi")),IF(J62="A/B/C",IF(N62="A",1,IF(N62="B",0.5,IF(N62="C",0,"Blm Diisi"))),IF(J62="A/B/C/D",IF(N62="A",1,IF(N62="B",0.67,IF(N62="C",0.33,IF(N62="D",0,"Blm Diisi")))),IF(J62="A/B/C/D/E",IF(N62="A",1,IF(N62="B",0.75,IF(N62="C",0.5,IF(N62="D",0.25,IF(N62="E",0,"Blm Diisi"))))),IF(J62="%",IF(N62="","Blm Diisi",N62),IF(J62="Jumlah",IF(N62="","Blm Diisi",""),IF(J62="Rupiah",IF(N62="","Blm Diisi",""),IF(J62="","","-")))))))) -> 1 | R62: b. Unit kerja telah melibatkan secara langsung pimpinan saat penyusunan penetapan kinerja.
A63: 64 | F63: c. | G63: Pimpinan memantau pencapaian kinerja secara berkala. | I63: a. Jika pimpinan selalu terlibat dalam seluruh pemantauan pencapaian kinerja dan menindaklanjuti hasil pemantauan. b. Jika pimpinan unit kerja terlibat dalam seluruh pemantauan pencapaian kinerja tetapi tidak ada tindak lanjut hasil pemantauan. c. Jika pimpinan unit kerja terlibat dalam sebagian pemantauan pencapaian kinerja. d. Jika tidak ada keterlibatan pimpinan dalam pemantauan pencapaian kinerja. | J63: A/B/C/D | K63: A | M63: 1. Dokumen monitoring dan evaluasi atas Pencapaian Kinerja: a. Undangan; b. Daftar hadir; c. Notula dan dokumentasi foto; d. Laporan Monitoring dan Evaluasi atas Pencapaian Kinerja. e. Laporan Tindak Lanjut Hasil Monitoring dan Evaluasi atas Pencapaian Kinerja. 2. Dokumen rapat monev anggaran: a. Undangan; b. Daftar hadir; c. Notula dan dokumentasi foto; d. Laporan. Keterangan: Pimpinan terlibat pada saat pemantauan capaian kinerja. | N63: A | O63: =IF(J63="Ya/Tidak",IF(N63="Ya",1,IF(N63="Tidak",0,"Blm Diisi")),IF(J63="A/B/C",IF(N63="A",1,IF(N63="B",0.5,IF(N63="C",0,"Blm Diisi"))),IF(J63="A/B/C/D",IF(N63="A",1,IF(N63="B",0.67,IF(N63="C",0.33,IF(N63="D",0,"Blm Diisi")))),IF(J63="A/B/C/D/E",IF(N63="A",1,IF(N63="B",0.75,IF(N63="C",0.5,IF(N63="D",0.25,IF(N63="E",0,"Blm Diisi"))))),IF(J63="%",IF(N63="","Blm Diisi",N63),IF(J63="Jumlah",IF(N63="","Blm Diisi",""),IF(J63="Rupiah",IF(N63="","Blm Diisi",""),IF(J63="","","-")))))))) -> 1 | R63: c. Pimpinan memantau pencapaian kinerja secara berkala.
A64: 65 | E64: ii. | F64: Pengelolaan Akuntabilitas Kinerja | H64: 2.5 | O64: =AVERAGE(O65:O72)*H64 -> 2.5 | P64: =O64/H64 -> 1
A65: 66 | F65: a. | G65: Dokumen perencanaan kinerja sudah ada. | I65: ya, jika unit kerja memiliki dokumen perencanaan kinerja lengkap. | J65: Ya/Tidak | K65: Ya | M65: 1. Dokumen Renstra Unit Eselon I Pembina (untuk UPT). 2. Dokumen Renstra Unit Kerja. 3. Dokumen Renja (RKT). 4. Dokumen RKA-K/L. 5. Perjanjian Kinerja. Keterangan : Apabila belum tersedia data dukung 1 sampai dengan 3, maka dipenuhi dengan Surat Pernyataan Kepala Satker. | N65: Ya | O65: =IF(J65="Ya/Tidak",IF(N65="Ya",1,IF(N65="Tidak",0,"Blm Diisi")),IF(J65="A/B/C",IF(N65="A",1,IF(N65="B",0.5,IF(N65="C",0,"Blm Diisi"))),IF(J65="A/B/C/D",IF(N65="A",1,IF(N65="B",0.67,IF(N65="C",0.33,IF(N65="D",0,"Blm Diisi")))),IF(J65="A/B/C/D/E",IF(N65="A",1,IF(N65="B",0.75,IF(N65="C",0.5,IF(N65="D",0.25,IF(N65="E",0,"Blm Diisi"))))),IF(J65="%",IF(N65="","Blm Diisi",N65),IF(J65="Jumlah",IF(N65="","Blm Diisi",""),IF(J65="Rupiah",IF(N65="","Blm Diisi",""),IF(J65="","","-")))))))) -> 1 | R65: a. Dokumen perencanaan kinerja sudah ada.
A66: 67 | F66: b. | G66: Perencanaan kinerja telah berorientasi hasil. | I66: ya, jika perencanaan kinerja telah berorientasi hasil. | J66: Ya/Tidak | K66: Ya | M66: 1. Dokumen Renstra Unit Eselon I Pembina (untuk UPT). 2. Dokumen Renstra Unit Kerja. 3. Dokumen Renja (RKT). 4. Dokumen RKA-K/L. 5. Perjanjian Kinerja. Keterangan: Apabila belum tersedia data dukung 1 sampai dengan 3, maka dipenuhi dengan Surat Pernyataan Kepala Satker. | N66: Ya | O66: =IF(J66="Ya/Tidak",IF(N66="Ya",1,IF(N66="Tidak",0,"Blm Diisi")),IF(J66="A/B/C",IF(N66="A",1,IF(N66="B",0.5,IF(N66="C",0,"Blm Diisi"))),IF(J66="A/B/C/D",IF(N66="A",1,IF(N66="B",0.67,IF(N66="C",0.33,IF(N66="D",0,"Blm Diisi")))),IF(J66="A/B/C/D/E",IF(N66="A",1,IF(N66="B",0.75,IF(N66="C",0.5,IF(N66="D",0.25,IF(N66="E",0,"Blm Diisi"))))),IF(J66="%",IF(N66="","Blm Diisi",N66),IF(J66="Jumlah",IF(N66="","Blm Diisi",""),IF(J66="Rupiah",IF(N66="","Blm Diisi",""),IF(J66="","","-")))))))) -> 1 | R66: b. Perencanaan kinerja telah berorientasi hasil.
A67: 68 | F67: c. | G67: Terdapat penetapan Indikator Kinerja Utama (IKU). | I67: ya, jika unit kerja memiliki IKU. | J67: Ya/Tidak | K67: Ya | M67: 1. Dokumen Renstra Unit Kerja. 2. Dokumen Renja. 3. Dokumen Perjanjian Kinerja. Keterangan : Renja diperoleh dari aplikasi SAKTI (pada menu laporan sub menu RKA Satker di form bagian A - Rencana Kinerja Satker. | N67: Ya | O67: =IF(J67="Ya/Tidak",IF(N67="Ya",1,IF(N67="Tidak",0,"Blm Diisi")),IF(J67="A/B/C",IF(N67="A",1,IF(N67="B",0.5,IF(N67="C",0,"Blm Diisi"))),IF(J67="A/B/C/D",IF(N67="A",1,IF(N67="B",0.67,IF(N67="C",0.33,IF(N67="D",0,"Blm Diisi")))),IF(J67="A/B/C/D/E",IF(N67="A",1,IF(N67="B",0.75,IF(N67="C",0.5,IF(N67="D",0.25,IF(N67="E",0,"Blm Diisi"))))),IF(J67="%",IF(N67="","Blm Diisi",N67),IF(J67="Jumlah",IF(N67="","Blm Diisi",""),IF(J67="Rupiah",IF(N67="","Blm Diisi",""),IF(J67="","","-")))))))) -> 1 | R67: c. Terdapat penetapan Indikator Kinerja Utama (IKU).
A68: 69 | F68: d. | G68: Indikator kinerja telah telah memenuhi kriteria SMART. | I68: a. Jika seluruh indikator kinerja telah SMART. b. Jika sebagian besar indikator kinerja telah SMART. c. Jika sebagian kecil indikator kinerja telah SMART. d. Jika belum ada indikator kinerja yang SMART. | J68: A/B/C/D | K68: A | M68: 1. Dokumen Renstra Unit Kerja. 2. Dokumen Renja. 3. Dokumen Perjanjian Kinerja. Keterangan: 1. Renja diperoleh dari aplikasi SAKTI (pada menu laporan sub menu RKA Satker di form bagian A - Rencana Kinerja Satker. 2. TPI wajib melakukan penilaian terhadap IKU satuan kerja apakah telah memenuhi prinsip SMART. | N68: A | O68: =IF(J68="Ya/Tidak",IF(N68="Ya",1,IF(N68="Tidak",0,"Blm Diisi")),IF(J68="A/B/C",IF(N68="A",1,IF(N68="B",0.5,IF(N68="C",0,"Blm Diisi"))),IF(J68="A/B/C/D",IF(N68="A",1,IF(N68="B",0.67,IF(N68="C",0.33,IF(N68="D",0,"Blm Diisi")))),IF(J68="A/B/C/D/E",IF(N68="A",1,IF(N68="B",0.75,IF(N68="C",0.5,IF(N68="D",0.25,IF(N68="E",0,"Blm Diisi"))))),IF(J68="%",IF(N68="","Blm Diisi",N68),IF(J68="Jumlah",IF(N68="","Blm Diisi",""),IF(J68="Rupiah",IF(N68="","Blm Diisi",""),IF(J68="","","-")))))))) -> 1 | R68: d. Indikator kinerja telah telah memenuhi kriteria SMART.
A69: 70 | F69: e. | G69: Laporan kinerja telah disusun tepat waktu. | I69: Ya, jika unit kerja telah menyusun laporan kinerja tepat waktu. | J69: Ya/Tidak | K69: Ya | M69: 1. Dokumen LKj (Laporan Kinerja) mengacu kepada format yang ditetapkan dalam Pedoman Menteri IMIPAS No. MIP-OT.02. 02-49 Tahun 2025 tentang Pedoman Penyusunan Laporan Kinerja Instansi Pemerintah di lingkungan Kementerian Imigrasi dan Pemasyarakatan; 2. Surat Pengantar penyampaian Laporan Kinerja, dengan mekanisme penyampaian sebagaimana diatur dalam Pedoman Menteri IMIPAS No. MIP-OT.02.02-49 Tahun 2025 tentang Pedoman Penyusunan Laporan Kinerja Instansi Pemerintah di lingkungan Kementerian Imigrasi dan Pemasyarakatan | N69: Ya | O69: =IF(J69="Ya/Tidak",IF(N69="Ya",1,IF(N69="Tidak",0,"Blm Diisi")),IF(J69="A/B/C",IF(N69="A",1,IF(N69="B",0.5,IF(N69="C",0,"Blm Diisi"))),IF(J69="A/B/C/D",IF(N69="A",1,IF(N69="B",0.67,IF(N69="C",0.33,IF(N69="D",0,"Blm Diisi")))),IF(J69="A/B/C/D/E",IF(N69="A",1,IF(N69="B",0.75,IF(N69="C",0.5,IF(N69="D",0.25,IF(N69="E",0,"Blm Diisi"))))),IF(J69="%",IF(N69="","Blm Diisi",N69),IF(J69="Jumlah",IF(N69="","Blm Diisi",""),IF(J69="Rupiah",IF(N69="","Blm Diisi",""),IF(J69="","","-")))))))) -> 1 | R69: e. Laporan kinerja telah disusun tepat waktu.
A70: 71 | F70: f. | G70: Laporan kinerja telah memberikan informasi tentang kinerja. | I70: a. Jika seluruh pelaporan kinerja telah memberikan informasi tentang kinerja. b. Jika sebagian pelaporan kinerja belum memberikan informasi tentang kinerja. c. Jika seluruh pelaporan kinerja belum memberikan informasi tentang kinerja. | J70: A/B/C | K70: A | M70: 1. Dokumen LKj (Laporan Kinerja) mengacu kepada format yang ditetapkan dalam Pedoman Menteri IMIPAS No. MIP-OT.02. 02-49 Tahun 2025 tentang Pedoman Penyusunan Laporan Kinerja Instansi Pemerintah di lingkungan Kementerian Imigrasi dan Pemasyarakatan; 2. Surat Pernyataan Telah di Reviu, yang ditandatangani oleh pimpinan Aparatur Pengawasan Intern Pemerintah (APIP) Kementerian Imigrasi dan Pemasyarakatan | N70: A | O70: =IF(J70="Ya/Tidak",IF(N70="Ya",1,IF(N70="Tidak",0,"Blm Diisi")),IF(J70="A/B/C",IF(N70="A",1,IF(N70="B",0.5,IF(N70="C",0,"Blm Diisi"))),IF(J70="A/B/C/D",IF(N70="A",1,IF(N70="B",0.67,IF(N70="C",0.33,IF(N70="D",0,"Blm Diisi")))),IF(J70="A/B/C/D/E",IF(N70="A",1,IF(N70="B",0.75,IF(N70="C",0.5,IF(N70="D",0.25,IF(N70="E",0,"Blm Diisi"))))),IF(J70="%",IF(N70="","Blm Diisi",N70),IF(J70="Jumlah",IF(N70="","Blm Diisi",""),IF(J70="Rupiah",IF(N70="","Blm Diisi",""),IF(J70="","","-")))))))) -> 1 | R70: f. Laporan kinerja telah memberikan informasi tentang kinerja.
A71: 72 | F71: g. | G71: Terdapat sistem informasi/mekanisme informasi kinerja. | I71: ya, jika terdapat sistem informasi/mekanisme informasi kinerja. | J71: Ya/Tidak | K71: Ya | M71: 1. Surat tugas mengikuti kegiatan workshop, in house training, bimtek, sosialisasi, dan seminar terkait dengan penyusunan LKjIP. 2. Sertifikat Pelatihan/Kegiatan melalui workshop, in house training, bimtek, sosialisasi, dan seminar terkait dengan penyusunan LKjIP Keterangan: a. Sertifikat pelatihan hanya dikeluarkan oleh lembaga pelatihan (BPSDM) sedangkan sertifikat kegiatan dapat dikeluarkan oleh penyelenggara kegiatan (Kanwil). b. Jika terdapat update data dukung diunggah pada triwulan berikutnya, jika tidak menggunakan data dukung terakhir. | N71: Ya | O71: =IF(J71="Ya/Tidak",IF(N71="Ya",1,IF(N71="Tidak",0,"Blm Diisi")),IF(J71="A/B/C",IF(N71="A",1,IF(N71="B",0.5,IF(N71="C",0,"Blm Diisi"))),IF(J71="A/B/C/D",IF(N71="A",1,IF(N71="B",0.67,IF(N71="C",0.33,IF(N71="D",0,"Blm Diisi")))),IF(J71="A/B/C/D/E",IF(N71="A",1,IF(N71="B",0.75,IF(N71="C",0.5,IF(N71="D",0.25,IF(N71="E",0,"Blm Diisi"))))),IF(J71="%",IF(N71="","Blm Diisi",N71),IF(J71="Jumlah",IF(N71="","Blm Diisi",""),IF(J71="Rupiah",IF(N71="","Blm Diisi",""),IF(J71="","","-")))))))) -> 1 | R71: g. Terdapat sistem informasi/mekanisme informasi kinerja.
A72: 73 | F72: h | G72: Unit kerja telah berupaya meningkatkan kapasitas SDM yang menangangi akuntabilitas kinerja. | I72: a. Jika seluruh SDM pengelola akuntabilitas kinerja kompeten. b. Jika sebagian SDM pengelola akuntabilitas kinerja kompeten. c. Jika seluruh SDM pengelola akuntabilitas kinerja belum ada yang kompeten. | J72: A/B/C | K72: A | M72: 1. Sertifikat mengikuti kegiatan Bimtek atau Diklat LKIP yang diselenggarakan oleh Kanwil atau Unit Eselon I Pembina. Jika satuan kerja mengikuti bimtek/coaching/sosialiasi LKIP secara mandiri atau online, dapat menyertakan bukti sebagai berikut: a. Undangan; b. Daftar Hadir; c. Dokumentasi Foto Kegiatan. 2. Dokumen laporan kegiatan mengikuti bimtek dan sosialisasi terkait dengan penyusunan LKIP. 3. Dokumen usulan pegawai untuk mengikuti bimtek dan sosialisasi terkait dengan penyusunan LKIP. 4. Rekapitulasi SDM pengelola akuntabilitas kinerja yang telah mengikuti pengembangan kompetensi kaitan pengelolaan akuntabilitas kinerja Keterangan: a. Jika tidak ada pegawai yang mengikuti Bimtek atau Diklat LKIP pada tahun berjalan, dapat menggunakan sertifikat dan dokumen pada tahun sebelumnya b. Jika pegawai pada satker yang bersangkutan belum pernah mengikuti Bimtek atau Diklat LKIP, harus membuat surat pernyataan bahwa belum pernah dilakukan Bimtek atau Diklat LKIP. c. Sertifikat pelatihan hanya dikeluarkan oleh lembaga pelatihan (BPSDM) sedangkan sertifikat kegiatan dapat dikeluarkan oleh penyelenggara kegiatan (Kanwil). d. Jika terdapat update data dukung diunggah pada triwulan berikutnya, jika tidak menggunakan data dukung terakhir. | N72: A | O72: =IF(J72="Ya/Tidak",IF(N72="Ya",1,IF(N72="Tidak",0,"Blm Diisi")),IF(J72="A/B/C",IF(N72="A",1,IF(N72="B",0.5,IF(N72="C",0,"Blm Diisi"))),IF(J72="A/B/C/D",IF(N72="A",1,IF(N72="B",0.67,IF(N72="C",0.33,IF(N72="D",0,"Blm Diisi")))),IF(J72="A/B/C/D/E",IF(N72="A",1,IF(N72="B",0.75,IF(N72="C",0.5,IF(N72="D",0.25,IF(N72="E",0,"Blm Diisi"))))),IF(J72="%",IF(N72="","Blm Diisi",N72),IF(J72="Jumlah",IF(N72="","Blm Diisi",""),IF(J72="Rupiah",IF(N72="","Blm Diisi",""),IF(J72="","","-")))))))) -> 1 | R72: h. Unit kerja telah berupaya meningkatkan kapasitas SDM yang menangangi akuntabilitas kinerja.
A73: 74 | D73: 5. | E73: PENGUATAN PENGAWASAN | H73: 7.5 | O73: =SUM(O74,O77,O82,O87,O91) -> 7.5 | P73: =O73/H73 -> 1
A74: 75 | E74: i. | F74: Pengendalian Gratifikasi | H74: 1.5 | O74: =AVERAGE(O75:O76)*H74 -> 1.5 | P74: =O74/H74 -> 1
A75: 76 | F75: a. | G75: Telah dilakukan public campaign tentang pengendalian gratifikasi. | I75: a. Jika public campaign telah dilakukan secara berkala. b. Jika public campaign dilakukan tidak secara berkala. c. Jika belum dilakukan public campaign. | J75: A/B/C | K75: A | M75: 1. Dokumen Kegiatan Public campaign tentang pengendalian gratifikasi: a. Undangan; b. Daftar hadir; c. Notula dan dokumentasi foto; d. Laporan Kegiatan Public Campaign pada satuan kerja dilaksanakan secara berkala; e. Capture banner/spanduk/media public campaign lainnya. Keterangan: Selain public Campaign Pengendalian Gratifikasi melalui banner/spanduk/media publik lainnya diharapkan pada satuan kerja dapat dilakukan public campaign melalui audio dan/atau visual yang diputar pada satuan kerja secara rutin. | N75: A | O75: =IF(J75="Ya/Tidak",IF(N75="Ya",1,IF(N75="Tidak",0,"Blm Diisi")),IF(J75="A/B/C",IF(N75="A",1,IF(N75="B",0.5,IF(N75="C",0,"Blm Diisi"))),IF(J75="A/B/C/D",IF(N75="A",1,IF(N75="B",0.67,IF(N75="C",0.33,IF(N75="D",0,"Blm Diisi")))),IF(J75="A/B/C/D/E",IF(N75="A",1,IF(N75="B",0.75,IF(N75="C",0.5,IF(N75="D",0.25,IF(N75="E",0,"Blm Diisi"))))),IF(J75="%",IF(N75="","Blm Diisi",N75),IF(J75="Jumlah",IF(N75="","Blm Diisi",""),IF(J75="Rupiah",IF(N75="","Blm Diisi",""),IF(J75="","","-")))))))) -> 1 | R75: a. Telah dilakukan public campaign tentang pengendalian gratifikasi.
A76: 77 | F76: b. | G76: Pengendalian gratifikasi telah diimplementasikan. | I76: a. Jika Unit Pengendalian Gratifikasi, pengendalian gratifikasi telah menjadi bagian dari prosedur. b. Jika Unit Pengendalian Gratifikasi, upaya pengendalian gratifikasi telah mulai dilakukan. c. Jika telah membentuk Unit Pengendalian Gratifikasi tetapi belum terdapat prosedur pengendalian. d. Jika belum memiliki Unit Pengendalian Gratifikasi. | J76: A/B/C/D | K76: A | M76: 1. SK Tim UPG mengacu pada format Pedoman Menteri Imigrasi dan Pemasyarakatan Nomor MIP-PW.02.04-1 Tahun 2025 Tentang Pengendalian Gratifikasi di Lingkungan Kementerian Imigrasi dan Pemasyarakatan. 2. Laporan berkala tentang Pengendalian Gratifikasi mengacu pada Pedoman Menteri Imigrasi dan Pemasyarakatan Nomor MIP-PW.02.04-1 Tahun 2025 Tentang Pengendalian Gratifikasi di Lingkungan Kementerian Imigrasi dan Pemasyarakatan | N76: A | O76: =IF(J76="Ya/Tidak",IF(N76="Ya",1,IF(N76="Tidak",0,"Blm Diisi")),IF(J76="A/B/C",IF(N76="A",1,IF(N76="B",0.5,IF(N76="C",0,"Blm Diisi"))),IF(J76="A/B/C/D",IF(N76="A",1,IF(N76="B",0.67,IF(N76="C",0.33,IF(N76="D",0,"Blm Diisi")))),IF(J76="A/B/C/D/E",IF(N76="A",1,IF(N76="B",0.75,IF(N76="C",0.5,IF(N76="D",0.25,IF(N76="E",0,"Blm Diisi"))))),IF(J76="%",IF(N76="","Blm Diisi",N76),IF(J76="Jumlah",IF(N76="","Blm Diisi",""),IF(J76="Rupiah",IF(N76="","Blm Diisi",""),IF(J76="","","-")))))))) -> 1 | R76: b. Pengendalian gratifikasi telah diimplementasikan.
A77: 78 | E77: ii. | F77: Penerapan Sistem Pengendalian Intern Pemerintah (SPIP) | H77: 1.5 | O77: =AVERAGE(O78:O81)*H77 -> 1.5 | P77: =O77/H77 -> 1
A78: 79 | F78: a. | G78: Telah dibangun lingkungan pengendalian. | I78: a. Jika unit kerja membangun seluruh lingkungan pengendalian sesuai dengan yang ditetapkan organisasi dan juga membuat inovasi terkait lingkungan pengendalian yang sesuai dengan karakteristik unit kerja. b. Jika unit kerja membangun seluruh lingkungan pengendalian sesuai dengan yang ditetapkan organisasi. c. Jika unit kerja membangun sebagian besar lingkungan pengendalian sesuai dengan yang ditetapkan organisasi. d. Jika unit kerja membangun sebagian kecil lingkungan pengendalian sesuai dengan yang ditetapkan organisasi. e. Jika unit kerja belum membangun lingkungan pengendalian. | J78: A/B/C/D/E | K78: A | M78: 1. SK Tim SPIP. 2. Dokumen kegiatan sosialisasi SPIP: a. Undangan; b. Daftar hadir; c. Notula dan dokumentasi kegiatan; d. Laporan kegiatan sosialisasi SPIP. 3. Dokumen laporan penerapan Inovasi Lingkungan Pengendalian (sesuai dengan inovasi yang dilakukan dalam pengendalian risiko). 4. Dokumen Manajemen Risiko. Keterangan: penyusunan Dokumen Manajemen Risiko merujuk pada Pedoman Menteri IMIPAS No. MIP-OT.02.02-47 Tahun 2025 tentang Penerapan Manajemen Risiko di Lingkungan KemenIMIPAS | N78: A | O78: =IF(J78="Ya/Tidak",IF(N78="Ya",1,IF(N78="Tidak",0,"Blm Diisi")),IF(J78="A/B/C",IF(N78="A",1,IF(N78="B",0.5,IF(N78="C",0,"Blm Diisi"))),IF(J78="A/B/C/D",IF(N78="A",1,IF(N78="B",0.67,IF(N78="C",0.33,IF(N78="D",0,"Blm Diisi")))),IF(J78="A/B/C/D/E",IF(N78="A",1,IF(N78="B",0.75,IF(N78="C",0.5,IF(N78="D",0.25,IF(N78="E",0,"Blm Diisi"))))),IF(J78="%",IF(N78="","Blm Diisi",N78),IF(J78="Jumlah",IF(N78="","Blm Diisi",""),IF(J78="Rupiah",IF(N78="","Blm Diisi",""),IF(J78="","","-")))))))) -> 1 | R78: a. Telah dibangun lingkungan pengendalian.
A79: 80 | F79: b. | G79: Telah dilakukan penilaian risiko atas pelaksanaan kebijakan. | I79: a. Jika unit kerja melakukan penilaian risiko atas seluruh pelaksanaan kebijakan sesuai dengan yang ditetapkan organisasi dan juga membuat inovasi terkait lingkungan pengendalian yang sesuai dengan karakteristik unit kerja. b. Jika unit kerja melakukan penilaian risiko atas seluruh pelaksanaan kebijakan sesuai dengan yang ditetapkan organisasi. c. Jika melakukan penilaian risiko atas sebagian besar pelaksanaan kebijakan sesuai dengan yang ditetapkan organisasi. d. Jika melakukan penilaian risiko atas sebagian kecil pelaksanaan kebijakan sesuai dengan yang ditetapkan organisasi. e. Jika unit kerja belum melakukan penilaian risiko. | J79: A/B/C/D/E | K79: A | M79: 1. Dokumen Manajemen Risiko; 2. Piagam Manajemen Risiko; Keterangan: penyusunan merujuk pada Pedoman Menteri IMIPAS No. MIP-OT.02.02-47 Tahun 2025 tentang Penerapan Manajemen Risiko di Lingkungan KemenIMIPAS | N79: A | O79: =IF(J79="Ya/Tidak",IF(N79="Ya",1,IF(N79="Tidak",0,"Blm Diisi")),IF(J79="A/B/C",IF(N79="A",1,IF(N79="B",0.5,IF(N79="C",0,"Blm Diisi"))),IF(J79="A/B/C/D",IF(N79="A",1,IF(N79="B",0.67,IF(N79="C",0.33,IF(N79="D",0,"Blm Diisi")))),IF(J79="A/B/C/D/E",IF(N79="A",1,IF(N79="B",0.75,IF(N79="C",0.5,IF(N79="D",0.25,IF(N79="E",0,"Blm Diisi"))))),IF(J79="%",IF(N79="","Blm Diisi",N79),IF(J79="Jumlah",IF(N79="","Blm Diisi",""),IF(J79="Rupiah",IF(N79="","Blm Diisi",""),IF(J79="","","-")))))))) -> 1 | R79: b. Telah dilakukan penilaian risiko atas pelaksanaan kebijakan.
A80: 81 | F80: c. | G80: Telah dilakukan kegiatan pengendalian untuk meminimalisir risiko yang telah diidentifikasi. | I80: a. Jika unit kerja melakukan kegiatan pengendalian untuk meminimalisir resiko sesuai dengan yang ditetapkan organisasi dan juga membuat inovasi terkait kegiatan pengendalian untuk meminimalisir resiko yang sesuai dengan karakteristik unit kerja. b. Jika unit kerja melakukan kegiatan pengendalian untuk meminimalisir resiko sesuai dengan yang ditetapkan organisasi. c. Jika unit kerja belum melakukan kegiatan pengendalian untuk meminimalisir risiko. | J80: A/B/C | K80: A | M80: 1. Dokumen laporan penerapan Inovasi Lingkungan Pengendalian (sesuai dengan inovasi yang dilakukan dalam pengendalian risiko). 2. Dokumen Manajemen Risiko. Keterangan: penyusunan Dokumen Manajemen Risiko merujuk pada Pedoman Menteri IMIPAS No. MIP-OT.02.02-47 Tahun 2025 tentang Penerapan Manajemen Risiko di Lingkungan KemenIMIPAS | N80: A | O80: =IF(J80="Ya/Tidak",IF(N80="Ya",1,IF(N80="Tidak",0,"Blm Diisi")),IF(J80="A/B/C",IF(N80="A",1,IF(N80="B",0.5,IF(N80="C",0,"Blm Diisi"))),IF(J80="A/B/C/D",IF(N80="A",1,IF(N80="B",0.67,IF(N80="C",0.33,IF(N80="D",0,"Blm Diisi")))),IF(J80="A/B/C/D/E",IF(N80="A",1,IF(N80="B",0.75,IF(N80="C",0.5,IF(N80="D",0.25,IF(N80="E",0,"Blm Diisi"))))),IF(J80="%",IF(N80="","Blm Diisi",N80),IF(J80="Jumlah",IF(N80="","Blm Diisi",""),IF(J80="Rupiah",IF(N80="","Blm Diisi",""),IF(J80="","","-")))))))) -> 1 | R80: c. Telah dilakukan kegiatan pengendalian untuk meminimalisir risiko yang telah diidentifikasi.
A81: 82 | F81: d. | G81: SPI telah diinformasikan dan dikomunikasikan kepada seluruh pihak terkait. | I81: a. Jika SPI telah diinformasikan dan dikomunikasikan kepada seluruh pihak terkait b. Jika SPI telah diinformasikan dan dikomunikasikan kepada sebagian pihak terkait c. Jika SPI belum diinformasikan dan dikomunikasikan kepada pihak terkait | J81: A/B/C | K81: A | M81: 1. Dokumen Laporan SPIP yang diterbitkan oleh satuan kerja dan ditujukan kepada Inspektorat Jenderal dan Sekretaris Jenderal 2. Surat pengantar penyampaian laporan SPIP: a. Untuk UPT ditujukan kepada Kanwil dengan tembusan kepada Itjen dan Setjen; b. Untuk Kanwil ditujukan kepada Itjen dan Setjen. 3. Dokumen MR, Piagam MR | N81: A | O81: =IF(J81="Ya/Tidak",IF(N81="Ya",1,IF(N81="Tidak",0,"Blm Diisi")),IF(J81="A/B/C",IF(N81="A",1,IF(N81="B",0.5,IF(N81="C",0,"Blm Diisi"))),IF(J81="A/B/C/D",IF(N81="A",1,IF(N81="B",0.67,IF(N81="C",0.33,IF(N81="D",0,"Blm Diisi")))),IF(J81="A/B/C/D/E",IF(N81="A",1,IF(N81="B",0.75,IF(N81="C",0.5,IF(N81="D",0.25,IF(N81="E",0,"Blm Diisi"))))),IF(J81="%",IF(N81="","Blm Diisi",N81),IF(J81="Jumlah",IF(N81="","Blm Diisi",""),IF(J81="Rupiah",IF(N81="","Blm Diisi",""),IF(J81="","","-")))))))) -> 1 | R81: d. SPI telah diinformasikan dan dikomunikasikan kepada seluruh pihak terkait.
A82: 83 | E82: iii. | F82: Pengaduan Masyarakat | H82: 1.5 | O82: =AVERAGE(O83:O86)*H82 -> 1.5 | P82: =O82/H82 -> 1
A83: 84 | F83: a. | G83: Kebijakan Pengaduan masyarakat telah diimplementasikan. | I83: a. Jika unit kerja mengimplementasikan seluruh kebijakan pengaduan masyarakat sesuai dengan yang ditetapkan organisasi dan juga membuat inovasi terkait pengaduan masyarakat yang sesuai dengan karakteristik unit kerja. b. Jika unit kerja telah mengimplementasikan seluruh kebijakan pengaduan masyarakat sesuai dengan yang ditetapkan organisasi. c. Jika unit kerja belum mengimplementasikan kebijakan pengaduan masyarakat. | J83: A/B/C | K83: A | M83: 1. SK Petugas Penanganan Pengaduan. 2. Foto petugas/ruang/loket/kotak khusus pengaduan. 3. Capture aplikasi (aplikasi LAPOR, facebook, twitter, instagram, WA, Line). Keterangan: Dokumen laporan Penanganan Pengaduan yang ditandatangani oleh Kepala Satuan Kerja yang berisi informasi pengaduan yang diterima oleh satuan kerja, pengaduan yang sudah ditindaklanjuti satuan kerja, dan pengaduan yang belum ditindaklanjuti satuan kerja. | N83: A | O83: =IF(J83="Ya/Tidak",IF(N83="Ya",1,IF(N83="Tidak",0,"Blm Diisi")),IF(J83="A/B/C",IF(N83="A",1,IF(N83="B",0.5,IF(N83="C",0,"Blm Diisi"))),IF(J83="A/B/C/D",IF(N83="A",1,IF(N83="B",0.67,IF(N83="C",0.33,IF(N83="D",0,"Blm Diisi")))),IF(J83="A/B/C/D/E",IF(N83="A",1,IF(N83="B",0.75,IF(N83="C",0.5,IF(N83="D",0.25,IF(N83="E",0,"Blm Diisi"))))),IF(J83="%",IF(N83="","Blm Diisi",N83),IF(J83="Jumlah",IF(N83="","Blm Diisi",""),IF(J83="Rupiah",IF(N83="","Blm Diisi",""),IF(J83="","","-")))))))) -> 1 | R83: a. Kebijakan Pengaduan masyarakat telah diimplementasikan.
F84: b. | G84: pengaduan masyarakat dtindaklanjuti. | I84: ya,pengaduan masyaakat ditindaklanjuti. | J84: Ya/Tidak | K84: Ya | M84: Laporan Penanganan Pengaduan yang ditandatangani oleh Kepala Satuan Kerja yang berisi informasi pengaduan yang diterima oleh satuan kerja, pengaduan yang sudah ditindaklanjuti satuan kerja, dan pengaduan yang belum ditindaklanjuti satuan kerja. | N84: Ya | O84: =IF(J84="Ya/Tidak",IF(N84="Ya",1,IF(N84="Tidak",0,"Blm Diisi")),IF(J84="A/B/C",IF(N84="A",1,IF(N84="B",0.5,IF(N84="C",0,"Blm Diisi"))),IF(J84="A/B/C/D",IF(N84="A",1,IF(N84="B",0.67,IF(N84="C",0.33,IF(N84="D",0,"Blm Diisi")))),IF(J84="A/B/C/D/E",IF(N84="A",1,IF(N84="B",0.75,IF(N84="C",0.5,IF(N84="D",0.25,IF(N84="E",0,"Blm Diisi"))))),IF(J84="%",IF(N84="","Blm Diisi",N84),IF(J84="Jumlah",IF(N84="","Blm Diisi",""),IF(J84="Rupiah",IF(N84="","Blm Diisi",""),IF(J84="","","-")))))))) -> 1 | R84: b. pengaduan masyarakat dtindaklanjuti.
A85: 89 | F85: c. | G85: Telah dilakukan monitoring dan evaluasi atas penanganan pengaduan masyarakat. | I85: a. Jika penanganan pengaduan masyarakat dimonitoring dan evaluasi secara berkala. b. Jika penanganan pengaduan masyarakat dimonitoring dan evaluasi tetapi tidak secara berkala. c. Jika penanganan pengaduan masyarakat belum di monitoring dan evaluasi. | J85: A/B/C | K85: A | M85: 1. Laporan monitoring dan evaluasi penanganan pengaduan masyarakat setiap triwulan. 2. Nota dinas penyampaian laporan monitoring dan evaluasi penanganan pengaduan masyarakat kepada bagian terkait untuk ditindaklanjuti. | N85: A | O85: =IF(J85="Ya/Tidak",IF(N85="Ya",1,IF(N85="Tidak",0,"Blm Diisi")),IF(J85="A/B/C",IF(N85="A",1,IF(N85="B",0.5,IF(N85="C",0,"Blm Diisi"))),IF(J85="A/B/C/D",IF(N85="A",1,IF(N85="B",0.67,IF(N85="C",0.33,IF(N85="D",0,"Blm Diisi")))),IF(J85="A/B/C/D/E",IF(N85="A",1,IF(N85="B",0.75,IF(N85="C",0.5,IF(N85="D",0.25,IF(N85="E",0,"Blm Diisi"))))),IF(J85="%",IF(N85="","Blm Diisi",N85),IF(J85="Jumlah",IF(N85="","Blm Diisi",""),IF(J85="Rupiah",IF(N85="","Blm Diisi",""),IF(J85="","","-")))))))) -> 1 | R85: c. Telah dilakukan monitoring dan evaluasi atas penanganan pengaduan masyarakat.
A86: 90 | F86: d. | G86: Hasil evaluasi atas penanganan pengaduan masyarakat telah ditindaklanjuti. | I86: a. Jika seluruh hasil evaluasi atas penanganan pengaduan telah ditindaklanjuti oleh unit kerja. b. Jika sebagian hasil evaluasi atas penanganan pengaduan telah ditindaklanjuti oleh unit kerja. c. Jika hasil evaluasi atas penanganan pengaduan belum ditindaklanjuti. | J86: A/B/C | K86: A | M86: Dokumen laporan tindak lanjut atas hasil monitoring dan evaluasi penanganan pengaduan masyarakat setiap triwulan. | N86: A | O86: =IF(J86="Ya/Tidak",IF(N86="Ya",1,IF(N86="Tidak",0,"Blm Diisi")),IF(J86="A/B/C",IF(N86="A",1,IF(N86="B",0.5,IF(N86="C",0,"Blm Diisi"))),IF(J86="A/B/C/D",IF(N86="A",1,IF(N86="B",0.67,IF(N86="C",0.33,IF(N86="D",0,"Blm Diisi")))),IF(J86="A/B/C/D/E",IF(N86="A",1,IF(N86="B",0.75,IF(N86="C",0.5,IF(N86="D",0.25,IF(N86="E",0,"Blm Diisi"))))),IF(J86="%",IF(N86="","Blm Diisi",N86),IF(J86="Jumlah",IF(N86="","Blm Diisi",""),IF(J86="Rupiah",IF(N86="","Blm Diisi",""),IF(J86="","","-")))))))) -> 1 | R86: d. Hasil evaluasi atas penanganan pengaduan masyarakat telah ditindaklanjuti.
A87: 91 | E87: iv. | F87: Whistle-Blowing System | H87: 1.5 | O87: =AVERAGE(O88:O90)*H87 -> 1.5 | P87: =O87/H87 -> 1
A88: 93 | F88: a. | G88: Whistle Blowing System telah diterapkan. | I88: a. Jika unit kerja menerapkan seluruh kebijakan Whistle Blowing System sesuai dengan yang ditetapkan organisasi dan juga membuat inovasi terkait pelaksanaan Whistle Blowing System yang sesuai dengan karakteristik unit kerja. b. Jika unit kerja menerapkan kebijakan Whistle Blowing System sesuai dengan yang ditetapkan organisasi. c. Jika unit kerja belum menerapkan kebijakan Whistle Blowing System. | J88: A/B/C | K88: A | M88: 1. Surat Kepala Satuan Kerja perihal Admin Whistleblowing System pada wbs.kemenimipas.go.id. 2. Screenshot wbs.kemenimipas.go.id yang memuat nama satuan kerja. | N88: A | O88: =IF(J88="Ya/Tidak",IF(N88="Ya",1,IF(N88="Tidak",0,"Blm Diisi")),IF(J88="A/B/C",IF(N88="A",1,IF(N88="B",0.5,IF(N88="C",0,"Blm Diisi"))),IF(J88="A/B/C/D",IF(N88="A",1,IF(N88="B",0.67,IF(N88="C",0.33,IF(N88="D",0,"Blm Diisi")))),IF(J88="A/B/C/D/E",IF(N88="A",1,IF(N88="B",0.75,IF(N88="C",0.5,IF(N88="D",0.25,IF(N88="E",0,"Blm Diisi"))))),IF(J88="%",IF(N88="","Blm Diisi",N88),IF(J88="Jumlah",IF(N88="","Blm Diisi",""),IF(J88="Rupiah",IF(N88="","Blm Diisi",""),IF(J88="","","-")))))))) -> 1 | R88: a. Whistle Blowing System telah diterapkan.
A89: 94 | F89: b. | G89: Telah dilakukan evaluasi atas penerapan Whistle Blowing System. | I89: a. Jika penerapan Whistle Blowing System dimonitoring dan evaluasi secara berkala. b. Jika penerapan Whistle Blowing System dimonitoring dan evaluasi tidak secara berkala. c. Jika penerapan Whistle Blowing System belum di monitoring dan evaluasi. | J89: A/B/C | K89: A | M89: Laporan hasil evaluasi atas penerapan Whistle Blowing System (Dokumen disajikan oleh Inspektorat Jenderal). | N89: A | O89: =IF(J89="Ya/Tidak",IF(N89="Ya",1,IF(N89="Tidak",0,"Blm Diisi")),IF(J89="A/B/C",IF(N89="A",1,IF(N89="B",0.5,IF(N89="C",0,"Blm Diisi"))),IF(J89="A/B/C/D",IF(N89="A",1,IF(N89="B",0.67,IF(N89="C",0.33,IF(N89="D",0,"Blm Diisi")))),IF(J89="A/B/C/D/E",IF(N89="A",1,IF(N89="B",0.75,IF(N89="C",0.5,IF(N89="D",0.25,IF(N89="E",0,"Blm Diisi"))))),IF(J89="%",IF(N89="","Blm Diisi",N89),IF(J89="Jumlah",IF(N89="","Blm Diisi",""),IF(J89="Rupiah",IF(N89="","Blm Diisi",""),IF(J89="","","-")))))))) -> 1 | R89: b. Telah dilakukan evaluasi atas penerapan Whistle Blowing System.
A90: 95 | F90: c. | G90: Hasil evaluasi atas penerapan Whistle Blowing System telah ditindaklanjuti. | I90: a. Jika seluruh hasil evaluasi atas penerapan Whistle Blowing System telah ditindaklanjuti oleh unit kerja. b. Jika sebagian hasil evaluasi atas penerapan Whistle Blowing System telah ditindaklanjuti oleh unit kerja. c. Jika hasil evaluasi atas penerapan Whistle Blowing System belum ditindaklanjuti. | J90: A/B/C | K90: A | M90: Laporan tindak lanjut hasil evaluasi atas penerapan Whistle Blowing System (Dokumen disajikan oleh Inspektorat Jenderal). | N90: A | O90: =IF(J90="Ya/Tidak",IF(N90="Ya",1,IF(N90="Tidak",0,"Blm Diisi")),IF(J90="A/B/C",IF(N90="A",1,IF(N90="B",0.5,IF(N90="C",0,"Blm Diisi"))),IF(J90="A/B/C/D",IF(N90="A",1,IF(N90="B",0.67,IF(N90="C",0.33,IF(N90="D",0,"Blm Diisi")))),IF(J90="A/B/C/D/E",IF(N90="A",1,IF(N90="B",0.75,IF(N90="C",0.5,IF(N90="D",0.25,IF(N90="E",0,"Blm Diisi"))))),IF(J90="%",IF(N90="","Blm Diisi",N90),IF(J90="Jumlah",IF(N90="","Blm Diisi",""),IF(J90="Rupiah",IF(N90="","Blm Diisi",""),IF(J90="","","-")))))))) -> 1 | R90: c. Hasil evaluasi atas penerapan Whistle Blowing System telah ditindaklanjuti.
A91: 96 | E91: v. | F91: Penanganan Benturan Kepentingan | H91: 1.5 | O91: =AVERAGE(O92:O96)*H91 -> 1.5 | P91: =O91/H91 -> 1
A92: 97 | F92: a. | G92: Telah terdapat identifikasi/pemetaan benturan kepentingan dalam tugas fungsi utama. | I92: a. Jika terdapat identifikasi/pemetaan benturan kepentingan pada seluruh tugas fungsi utama. b. Jika terdapat identifikasi/pemetaan benturan kepentingan tetapi pada sebagian besar tugas fungsi utama. c. Jika terdapat identifikasi/pemetaan benturan kepentingan tetapi pada sebagian kecil tugas fungsi utama. d. Jika belum terdapat identifikasi/pemetaan benturan kepentingan dalam tugas fungsi utama. | J92: A/B/C/D | K92: A | M92: 1. Dokumen Manajemen Risiko yang memuat identifikasi risiko atas konflik kepentingan dalam tugas fungsi utama bagi seluruh pejabat struktural dan seluruh pejabat pengelola keuangan (Bendahara, PPK, Pejabat pengadaan); 2. Surat Edaran Inspektorat Jenderal Nomor: INJ-5.OT.03.02 Tahun 2026 tentang Pengelolaan Konflik Kepentingan di Lingkungan Kementerian Imigrasi dan Pemasyarakatan; 3. Formulir Daftar Konflik Kepentingan; 4. Formulir Deklarasi Konflik Kepentingan. | N92: A | O92: =IF(J92="Ya/Tidak",IF(N92="Ya",1,IF(N92="Tidak",0,"Blm Diisi")),IF(J92="A/B/C",IF(N92="A",1,IF(N92="B",0.5,IF(N92="C",0,"Blm Diisi"))),IF(J92="A/B/C/D",IF(N92="A",1,IF(N92="B",0.67,IF(N92="C",0.33,IF(N92="D",0,"Blm Diisi")))),IF(J92="A/B/C/D/E",IF(N92="A",1,IF(N92="B",0.75,IF(N92="C",0.5,IF(N92="D",0.25,IF(N92="E",0,"Blm Diisi"))))),IF(J92="%",IF(N92="","Blm Diisi",N92),IF(J92="Jumlah",IF(N92="","Blm Diisi",""),IF(J92="Rupiah",IF(N92="","Blm Diisi",""),IF(J92="","","-")))))))) -> 1 | R92: a. Telah terdapat identifikasi/pemetaan benturan kepentingan dalam tugas fungsi utama.
A93: 98 | F93: b. | G93: Penanganan Benturan Kepentingan telah disosialisasikan/internalisasi. | I93: a. Jika penanganan Benturan Kepentingan disosialiasikan/diinternalisasikan ke seluruh layanan. b. Jika penanganan Benturan Kepentingan disosialiasikan/diinternalisasikan ke sebagian besar layanan. c. Jika penanganan Benturan Kepentingan disosialiasikan/diinternalisasikan ke sebagian kecil layanan. d. Jika penanganan Benturan Kepentingan belum disosialiasikan/diinternalisasikan ke seluruh layanan. | J93: A/B/C/D | K93: A | M93: Dokumen kegiatan internalisasi/Sosialisasi Penanganan Benturan Kepentingan melalui apel pagi/sore atau bimtek atau sosialisasi: 1. Undangan; 2. Daftar Hadir; 3. Notula dan dokumentasi; 4. Laporan Kegiatan Internalisasi / Sosialisasi penanganan benturan kepentingan. | N93: A | O93: =IF(J93="Ya/Tidak",IF(N93="Ya",1,IF(N93="Tidak",0,"Blm Diisi")),IF(J93="A/B/C",IF(N93="A",1,IF(N93="B",0.5,IF(N93="C",0,"Blm Diisi"))),IF(J93="A/B/C/D",IF(N93="A",1,IF(N93="B",0.67,IF(N93="C",0.33,IF(N93="D",0,"Blm Diisi")))),IF(J93="A/B/C/D/E",IF(N93="A",1,IF(N93="B",0.75,IF(N93="C",0.5,IF(N93="D",0.25,IF(N93="E",0,"Blm Diisi"))))),IF(J93="%",IF(N93="","Blm Diisi",N93),IF(J93="Jumlah",IF(N93="","Blm Diisi",""),IF(J93="Rupiah",IF(N93="","Blm Diisi",""),IF(J93="","","-")))))))) -> 1 | R93: b. Penanganan Benturan Kepentingan telah disosialisasikan/internalisasi.
A94: 99 | F94: c. | G94: Penanganan Benturan Kepentingan telah diimplementasikan. | I94: a. Jika penanganan Benturan Kepentingan diimplementasikan ke seluruh layanan. b. Jika penanganan Benturan Kepentingan diimplementasikan ke sebagian besar layanan. c. Jika penanganan Benturan Kepentingan diimplementasikan ke sebagian kecil layanan. d. Jika penanganan Benturan Kepentingan belum diimplementasikan ke seluruh layanan. | J94: A/B/C/D | K94: A | M94: 1. Dokumen daftar kepentingan pribadi. 2. Formulir Deklarasi Konflik Kepentingan (jika ada). 3. Laporan pelaksanaan penanganan benturan kepentingan. Keterangan: Update jika terdapat perubahan pejabat struktural, pejabat pengelola keuangan (Bendahara, PPK, Pejabat pengadaan), dan mutasi pegawai dari unit/satuan kerja lain. | N94: A | O94: =IF(J94="Ya/Tidak",IF(N94="Ya",1,IF(N94="Tidak",0,"Blm Diisi")),IF(J94="A/B/C",IF(N94="A",1,IF(N94="B",0.5,IF(N94="C",0,"Blm Diisi"))),IF(J94="A/B/C/D",IF(N94="A",1,IF(N94="B",0.67,IF(N94="C",0.33,IF(N94="D",0,"Blm Diisi")))),IF(J94="A/B/C/D/E",IF(N94="A",1,IF(N94="B",0.75,IF(N94="C",0.5,IF(N94="D",0.25,IF(N94="E",0,"Blm Diisi"))))),IF(J94="%",IF(N94="","Blm Diisi",N94),IF(J94="Jumlah",IF(N94="","Blm Diisi",""),IF(J94="Rupiah",IF(N94="","Blm Diisi",""),IF(J94="","","-")))))))) -> 1 | R94: c. Penanganan Benturan Kepentingan telah diimplementasikan.
A95: 100 | F95: d. | G95: Telah dilakukan evaluasi atas Penanganan Benturan Kepentingan. | I95: a. Jika penanganan Benturan Kepentingan dievaluasi secara berkala oleh unit kerja. b. Jika penanganan Benturan Kepentingan dievaluasi tetapi tidak secara berkala oleh unit kerja. c. Jika penanganan Benturan Kepentingan belum dievaluasi oleh unit kerja. | J95: A/B/C | K95: A | M95: Dokumen Laporan hasil evaluasi atas Penanganan Benturan Kepentingan. | N95: A | O95: =IF(J95="Ya/Tidak",IF(N95="Ya",1,IF(N95="Tidak",0,"Blm Diisi")),IF(J95="A/B/C",IF(N95="A",1,IF(N95="B",0.5,IF(N95="C",0,"Blm Diisi"))),IF(J95="A/B/C/D",IF(N95="A",1,IF(N95="B",0.67,IF(N95="C",0.33,IF(N95="D",0,"Blm Diisi")))),IF(J95="A/B/C/D/E",IF(N95="A",1,IF(N95="B",0.75,IF(N95="C",0.5,IF(N95="D",0.25,IF(N95="E",0,"Blm Diisi"))))),IF(J95="%",IF(N95="","Blm Diisi",N95),IF(J95="Jumlah",IF(N95="","Blm Diisi",""),IF(J95="Rupiah",IF(N95="","Blm Diisi",""),IF(J95="","","-")))))))) -> 1 | R95: d. Telah dilakukan evaluasi atas Penanganan Benturan Kepentingan.
A96: 101 | F96: e. | G96: Hasil evaluasi atas Penanganan Benturan Kepentingan telah ditindaklanjuti. | I96: a. Jika seluruh hasil evaluasi atas Penanganan Benturan Kepentingan telah ditindaklanjuti oleh unit kerja. b. Jika sebagian hasil evaluasi atas Penanganan Benturan Kepentingan telah ditindaklanjuti oleh unit kerja. c. Jika belum ada hasil evaluasi atas Penanganan Benturan Kepentingan yang ditindaklanjuti unit kerja. | J96: A/B/C | K96: A | M96: Dokumen laporan evaluasi atas Penanganan Benturan Kepentingan telah ditindaklanjuti. | N96: A | O96: =IF(J96="Ya/Tidak",IF(N96="Ya",1,IF(N96="Tidak",0,"Blm Diisi")),IF(J96="A/B/C",IF(N96="A",1,IF(N96="B",0.5,IF(N96="C",0,"Blm Diisi"))),IF(J96="A/B/C/D",IF(N96="A",1,IF(N96="B",0.67,IF(N96="C",0.33,IF(N96="D",0,"Blm Diisi")))),IF(J96="A/B/C/D/E",IF(N96="A",1,IF(N96="B",0.75,IF(N96="C",0.5,IF(N96="D",0.25,IF(N96="E",0,"Blm Diisi"))))),IF(J96="%",IF(N96="","Blm Diisi",N96),IF(J96="Jumlah",IF(N96="","Blm Diisi",""),IF(J96="Rupiah",IF(N96="","Blm Diisi",""),IF(J96="","","-")))))))) -> 1 | R96: e. Hasil evaluasi atas Penanganan Benturan Kepentingan telah ditindaklanjuti.
A97: 102 | D97: 6. | E97: PENINGKATAN KUALITAS PELAYANAN PUBLIK | H97: 5 | O97: =SUM(O98,O103,O114,O118,O110) -> 5 | P97: =O97/H97 -> 1
A98: 103 | E98: i. | F98: Standar Pelayanan | H98: 1 | O98: =AVERAGE(O99:O102)*H98 -> 1 | P98: =O98/H98 -> 1
A99: 104 | F99: a. | G99: Terdapat kebijakan standar pelayanan. | I99: a. Terdapat penetapan Standar Pelayanan terhadap seluruh jenis pelayanan, dan sesuai asas serta komponen standar pelayanan publik yang berlaku. b. Terdapat penetapan Standar Pelayanan terhadap sebagian jenis pelayanan, dan sesuai asas serta komponen standar pelayanan publik yang berlaku. c. Terdapat penetapan Standar Pelayanan terhadap seluruh jenis pelayanan, namun tidak sesuai asas serta komponen standar pelayanan publik yang berlaku. d. Terdapat penetapan Standar Pelayanan terhadap sebagian jenis pelayanan, namun tidak sesuai asas serta komponen standar pelayanan publik yang berlaku. e. Standar Pelayanan belum ditetapkan. | J99: A/B/C/D/E | K99: A | M99: B03, B09: Standar Pelayanan terhadap seluruh jenis pelayanan yang diterbitkan oleh kepala satuan kerja dalam bentuk surat keputusan beserta lampiran. Keterangan: Data dukung dilakukan pembaharuan jika terdapat perubahan Standar Pelayanan hasil reviu. | N99: A | O99: =IF(J99="Ya/Tidak",IF(N99="Ya",1,IF(N99="Tidak",0,"Blm Diisi")),IF(J99="A/B/C",IF(N99="A",1,IF(N99="B",0.5,IF(N99="C",0,"Blm Diisi"))),IF(J99="A/B/C/D",IF(N99="A",1,IF(N99="B",0.67,IF(N99="C",0.33,IF(N99="D",0,"Blm Diisi")))),IF(J99="A/B/C/D/E",IF(N99="A",1,IF(N99="B",0.75,IF(N99="C",0.5,IF(N99="D",0.25,IF(N99="E",0,"Blm Diisi"))))),IF(J99="%",IF(N99="","Blm Diisi",N99),IF(J99="Jumlah",IF(N99="","Blm Diisi",""),IF(J99="Rupiah",IF(N99="","Blm Diisi",""),IF(J99="","","-")))))))) -> 1 | R99: a. Terdapat kebijakan standar pelayanan.
A100: 105 | F100: b. | G100: Standar pelayanan telah dimaklumatkan. | I100: a. Standar pelayanan telah dimaklumatkan pada seluruh jenis pelayanan dan dipublikasikan di website dan media lainnya. b. Standar pelayanan telah dimaklumatkan pada sebagian besar jenis pelayanan dan dipublikasikan minimal di website. c. Standar pelayanan telah dimaklumatkan pada sebagian kecil jenis pelayanan dan belum dipublikasikan. d. Standar pelayanan belum dimaklumatkan pada seluruh jenis pelayanan dan belum dipublikasikan. | J100: A/B/C/D | K100: A | M100: Piagam Maklumat pelayanan yang ditandatangani oleh Kepala Satker yang memuat unsur sbb: 1. Menjelaskan siapa yang melakukan pelayanan; 2. Menjelaskan jenis layanan yang diselenggarakan; 3. Menjelaskan punishment apabila layanan tidak dilaksanakan sesuai janji pada Maklumat. Keterangan: Nilai A jika sudah dipublikasikan pada website, media sosial, media elektronik. | N100: A | O100: =IF(J100="Ya/Tidak",IF(N100="Ya",1,IF(N100="Tidak",0,"Blm Diisi")),IF(J100="A/B/C",IF(N100="A",1,IF(N100="B",0.5,IF(N100="C",0,"Blm Diisi"))),IF(J100="A/B/C/D",IF(N100="A",1,IF(N100="B",0.67,IF(N100="C",0.33,IF(N100="D",0,"Blm Diisi")))),IF(J100="A/B/C/D/E",IF(N100="A",1,IF(N100="B",0.75,IF(N100="C",0.5,IF(N100="D",0.25,IF(N100="E",0,"Blm Diisi"))))),IF(J100="%",IF(N100="","Blm Diisi",N100),IF(J100="Jumlah",IF(N100="","Blm Diisi",""),IF(J100="Rupiah",IF(N100="","Blm Diisi",""),IF(J100="","","-")))))))) -> 1 | R100: b. Standar pelayanan telah dimaklumatkan.
...

Sheet Jawaban dari Kanwil
A1: 1 | B1: Penilaian | H1: Bobot | I1: Kriteria Nilai | J1: Pilihan Jawaban | K1: Jawaban Unit | L1: Catatan/Keterangan/Penjelasan Unit | M1: Bukti Dukung Unit | N1: Jawaban dari Kanwil | O1: Nilai dari Kanwil | P1: % | Q1: Catatan/Keterangan/Penjelasan Evaluasi dari Kanwil | R1: Link Google Drive Data Dukung B03 | S1: Link Google Drive Data Dukung B06 | T1: Link Google Drive Data Dukung B09 | U1: Link Google Drive Data Dukung B12 | V1: Link Google Drive Data Dukung B12 Tahun Sebelumnya
A2: 3 | B2: A. | C2: PENGUNGKIT | H2: 60 | O2: =O195 -> 60 | P2: =O2/H2 -> 1
A3: 4 | C3: I. | D3: PEMENUHAN | H3: 30 | O3: =SUM(O4,O21,O34,O59,O73,O97) -> 30 | P3: =O3/H3 -> 1
A4: 5 | D4: 1. | E4: MANAJEMEN PERUBAHAN | H4: 4 | O4: =SUM(O5,O8,O12,O16) -> 4 | P4: =O4/H4 -> 1
A5: 6 | E5: i. | F5: Penyusunan Tim Kerja | H5: 0.5 | O5: =AVERAGE(O6:O7)*H5 -> 0.5 | P5: =O5/H5 -> 1
A6: 7 | F6: a. | G6: Unit kerja telah membentuk tim untuk melakukan pembangunan Zona Integritas. | I6: Ya, jika Tim telah dibentuk di dalam unit kerja. | J6: Ya/Tidak | K6: =Jawaban!K6 -> Ya | L6: =Jawaban!L6 -> 0 | M6: 1. SK Tim Kerja Pembangunan ZI Menuju WBK/WBBM; 2. SK Perubahan atas SK Tim Kerja Pembangunan ZI Menuju WBK/WBBM (jika ada); 3. SK Perubahan (Kedua, Ketiga, dst) atas SK Tim Kerja Pembangunan ZI Menuju WBK/WBBM (jika ada). Keterangan: Apabila ada penggantian Kepala Satuan Kerja ditambahkan dengan SK Tim Baru. | N6: Ya | O6: =IF(J6="Ya/Tidak",IF(N6="Ya",1,IF(N6="Tidak",0,"Blm Diisi")),IF(J6="A/B/C",IF(N6="A",1,IF(N6="B",0.5,IF(N6="C",0,"Blm Diisi"))),IF(J6="A/B/C/D",IF(N6="A",1,IF(N6="B",0.67,IF(N6="C",0.33,IF(N6="D",0,"Blm Diisi")))),IF(J6="A/B/C/D/E",IF(N6="A",1,IF(N6="B",0.75,IF(N6="C",0.5,IF(N6="D",0.25,IF(N6="E",0,"Blm Diisi"))))),IF(J6="%",IF(N6="","Blm Diisi",N6),IF(J6="Jumlah",IF(N6="","Blm Diisi",""),IF(J6="Rupiah",IF(N6="","Blm Diisi",""),IF(J6="","","-")))))))) -> 1 | Q6: Tercapai, Dakung yang diminta sudah lengkap | R6: =Jawaban!R6 -> a. Unit kerja telah membentuk tim untuk melakukan pembangunan Zona Integritas. | S6: =Jawaban!S6 -> 0 | T6: =Jawaban!T6 -> 0 | U6: =Jawaban!U6 -> 0 | V6: =Jawaban!V6 -> 0
A7: 8 | F7: b. | G7: Penentuan anggota Tim dipilih melalui prosedur/mekanisme yang jelas. | I7: a. Jika dengan prosedur/mekanisme yang jelas dan mewakili seluruh unsur dalam unit kerja. b. Jika sebagian menggunakan prosedur yang mewakili sebagian besar unsur dalam unit kerja. c. Jika tidak di seleksi. | J7: A/B/C | K7: =Jawaban!K7 -> A | L7: =Jawaban!L7 -> 0 | M7: Dokumen Kegiatan Rapat Tim Kerja: 1. undangan rapat; 2. daftar hadir; 3. notula dan dokumentasi foto; 4. SK Tim Seleksi; 5. berita acara; 6. laporan pelaksanaan seleksi anggota tim kerja; 7. Daftar Riwayat Hidup dan Daftar Riwayat Pekerjaan (diunduh melalui aplikasi STAR ASN KemenIMIPAS). | N7: A | O7: =IF(J7="Ya/Tidak",IF(N7="Ya",1,IF(N7="Tidak",0,"Blm Diisi")),IF(J7="A/B/C",IF(N7="A",1,IF(N7="B",0.5,IF(N7="C",0,"Blm Diisi"))),IF(J7="A/B/C/D",IF(N7="A",1,IF(N7="B",0.67,IF(N7="C",0.33,IF(N7="D",0,"Blm Diisi")))),IF(J7="A/B/C/D/E",IF(N7="A",1,IF(N7="B",0.75,IF(N7="C",0.5,IF(N7="D",0.25,IF(N7="E",0,"Blm Diisi"))))),IF(J7="%",IF(N7="","Blm Diisi",N7),IF(J7="Jumlah",IF(N7="","Blm Diisi",""),IF(J7="Rupiah",IF(N7="","Blm Diisi",""),IF(J7="","","-")))))))) -> 1 | Q7: Tercapai, Dakung yang diminta sudah lengkap | R7: =Jawaban!R7 -> b. Penentuan anggota Tim dipilih melalui prosedur/mekanisme yang jelas. | S7: =Jawaban!S7 -> 0 | T7: =Jawaban!T7 -> 0 | U7: =Jawaban!U7 -> 0 | V7: =Jawaban!V7 -> 0
A8: 9 | E8: ii. | F8: Rencana Pembangunan Zona Integritas | H8: 1 | K8: =Jawaban!K8 -> 0 | L8: =Jawaban!L8 -> 0 | O8: =AVERAGE(O9:O11)*H8 -> 1 | P8: =O8/H8 -> 1 | R8: =Jawaban!R8 -> 0 | S8: =Jawaban!S8 -> 0 | T8: =Jawaban!T8 -> 0 | U8: =Jawaban!U8 -> 0 | V8: =Jawaban!V8 -> 0
A9: 10 | F9: a. | G9: Terdapat dokumen rencana kerja pembangunan Zona Integritas menuju WBK/WBBM. | I9: Ya, jika memiliki rencana kerja pembangunan Zona Integritas. | J9: Ya/Tidak | K9: =Jawaban!K9 -> Ya | L9: =Jawaban!L9 -> 0 | M9: Dokumen kegiatan Rapat Penetapan Rencana Kerja dan Target Prioritas: 1. Undangan rapat; 2. daftar hadir; 3. notula dan dokumentasi foto; 4. laporan kegiatan rapat penetapan Rencana Kerja; 5. SK tentang Rencana Kerja dan Target Prioritas Pembangunan ZI menuju WBK/WBBM satuan kerja yang ditandatangani oleh Kepala Satuan Kerja. | N9: Ya | O9: =IF(J9="Ya/Tidak",IF(N9="Ya",1,IF(N9="Tidak",0,"Blm Diisi")),IF(J9="A/B/C",IF(N9="A",1,IF(N9="B",0.5,IF(N9="C",0,"Blm Diisi"))),IF(J9="A/B/C/D",IF(N9="A",1,IF(N9="B",0.67,IF(N9="C",0.33,IF(N9="D",0,"Blm Diisi")))),IF(J9="A/B/C/D/E",IF(N9="A",1,IF(N9="B",0.75,IF(N9="C",0.5,IF(N9="D",0.25,IF(N9="E",0,"Blm Diisi"))))),IF(J9="%",IF(N9="","Blm Diisi",N9),IF(J9="Jumlah",IF(N9="","Blm Diisi",""),IF(J9="Rupiah",IF(N9="","Blm Diisi",""),IF(J9="","","-")))))))) -> 1 | Q9: Tercapai, Dakung yang diminta sudah lengkap | R9: =Jawaban!R9 -> a. Terdapat dokumen rencana kerja pembangunan Zona Integritas menuju WBK/WBBM. | S9: =Jawaban!S9 -> 0 | T9: =Jawaban!T9 -> 0 | U9: =Jawaban!U9 -> 0 | V9: =Jawaban!V9 -> 0
A10: 11 | F10: b. | G10: Dalam dokumen pembangunan terdapat target-target prioritas yang relevan dengan tujuan pembangunan WBK/WBBM. | I10: a. Jika semua target-target prioritas relevan dengan tujuan pembangunan WBK/WBBM. b. Jika sebagian target-target prioritas relevan dengan tujuan pembangunan WBK/WBBM. c. Jika tidak ada target-target prioritas yang relevan dengan tujuan pembangunan WBK/WBBM. | J10: A/B/C | K10: =Jawaban!K10 -> A | L10: =Jawaban!L10 -> 0 | M10: Dokumen kegiatan rapat penetapan Rencana Kerja dan Target Prioritas: 1. undangan rapat; 2. daftar hadir; 3. notula dan dokumentasi foto; 4. laporan kegiatan rapat penetapan Rencana Kerja; 5. SK tentang Rencana Kerja dan Target Prioritas Pembangunan ZI menuju WBK/WBBM satuan kerja yang ditandatangani oleh Kepala Satuan Kerja. | N10: A | O10: =IF(J10="Ya/Tidak",IF(N10="Ya",1,IF(N10="Tidak",0,"Blm Diisi")),IF(J10="A/B/C",IF(N10="A",1,IF(N10="B",0.5,IF(N10="C",0,"Blm Diisi"))),IF(J10="A/B/C/D",IF(N10="A",1,IF(N10="B",0.67,IF(N10="C",0.33,IF(N10="D",0,"Blm Diisi")))),IF(J10="A/B/C/D/E",IF(N10="A",1,IF(N10="B",0.75,IF(N10="C",0.5,IF(N10="D",0.25,IF(N10="E",0,"Blm Diisi"))))),IF(J10="%",IF(N10="","Blm Diisi",N10),IF(J10="Jumlah",IF(N10="","Blm Diisi",""),IF(J10="Rupiah",IF(N10="","Blm Diisi",""),IF(J10="","","-")))))))) -> 1 | Q10: Tercapai, Dakung yang diminta sudah lengkap | R10: =Jawaban!R10 -> b. Dalam dokumen pembangunan terdapat target-target prioritas yang relevan dengan tujuan pembangunan WBK/WBBM. | S10: =Jawaban!S10 -> 0 | T10: =Jawaban!T10 -> 0 | U10: =Jawaban!U10 -> 0 | V10: =Jawaban!V10 -> 0
A11: 12 | F11: c. | G11: Terdapat mekanisme atau media untuk mensosialisasikan pembangunan WBK/WBBM. | I11: a. Jika telah dilakukan pengelolaan media/ aktivitas interaktif yang efektif untuk menginformasikan pembangunan ZI kepada internal dan stakeholder secara berkala. b. Jika pengelolaan media/aktivitas interaktif dilakukan secara terbatas dan tidak secara berkala. c. Jika pengelolaan media/aktivitas interaktif belum dilakukan. | J11: A/B/C | K11: =Jawaban!K11 -> A | L11: =Jawaban!L11 -> 0 | M11: B03: 1. Dokumen laporan pelaksanaan kegiatan Pencanangan Zona Integritas, yaitu: a. Kegiatan Ekternal Pencanangan Zona Integritas melampirkan Foto, Laporan Kegiatan dan Press release. b. Kegiatan Internal 1) Dokumen Perjanjian Kinerja; 2) Dokumen Penandatanganan Pakta Integritas antara Kepala Satuan Kerja dengan jajaran struktural dibawahnya; 3) Dokumen Pakta Integritas antara jajaran Struktural dalam satuan kerja dengan pegawai. B03, B06, B09, B12: 2. Dokumen kegiatan sosialisasi Kepala satuan kerja/ internalisasi/pembinaan/pendampingan terkait Pembangunan ZI menuju WBK/WBBM: a. undangan; b. daftar hadir; c. notula dan dokumentasi foto; d. laporan kegiatan. 3. Dokumen sosialisasi kepada masyarakat: (minimal 3 dari data dukung di bawah) a. Capture Banner/spanduk/himbauan/brosur; b. Capture Website; c. Capture Media Sosial; d. Capture Media elektronik; e. Capture Media cetak; f. Capture Media TV; g. Laporan kegiatan sosialisasi kepada masyarakat. | N11: A | O11: =IF(J11="Ya/Tidak",IF(N11="Ya",1,IF(N11="Tidak",0,"Blm Diisi")),IF(J11="A/B/C",IF(N11="A",1,IF(N11="B",0.5,IF(N11="C",0,"Blm Diisi"))),IF(J11="A/B/C/D",IF(N11="A",1,IF(N11="B",0.67,IF(N11="C",0.33,IF(N11="D",0,"Blm Diisi")))),IF(J11="A/B/C/D/E",IF(N11="A",1,IF(N11="B",0.75,IF(N11="C",0.5,IF(N11="D",0.25,IF(N11="E",0,"Blm Diisi"))))),IF(J11="%",IF(N11="","Blm Diisi",N11),IF(J11="Jumlah",IF(N11="","Blm Diisi",""),IF(J11="Rupiah",IF(N11="","Blm Diisi",""),IF(J11="","","-")))))))) -> 1 | Q11: Tercapai, Dakung yang diminta sudah lengkap | R11: =Jawaban!R11 -> c. Terdapat mekanisme atau media untuk mensosialisasikan pembangunan WBK/WBBM. | S11: =Jawaban!S11 -> 0 | T11: =Jawaban!T11 -> 0 | U11: =Jawaban!U11 -> 0 | V11: =Jawaban!V11 -> 0
A12: 13 | E12: iii. | F12: Pemantauan dan Evaluasi Pembangunan WBK/WBBM | H12: 1 | K12: =Jawaban!K12 -> 0 | L12: =Jawaban!L12 -> 0 | O12: =AVERAGE(O13:O15)*H12 -> 1 | P12: =O12/H12 -> 1 | R12: =Jawaban!R12 -> 0 | S12: =Jawaban!S12 -> 0 | T12: =Jawaban!T12 -> 0 | U12: =Jawaban!U12 -> 0 | V12: =Jawaban!V12 -> 0
A13: 14 | F13: a. | G13: Seluruh kegiatan pembangunan sudah dilaksanakan sesuai dengan rencana. | I13: a. Jika semua kegiatan pembangunan telah dilaksanakan sesuai dengan rencana. b. Jika sebagian besar kegiatan pembangunan telah dilaksanakan sesuai dengan rencana. c. Jika sebagian kecil kegiatan pembangunan telah dilaksanakan sesuai dengan rencana. d. Jika belum ada kegiatan pembangunan yang dilakukan sesuai dengan rencana. | J13: A/B/C/D | K13: =Jawaban!K13 -> A | L13: =Jawaban!L13 -> 0 | M13: Dokumen kegiatan rapat pelaksanaan Rencana Aksi dan Target Prioritas oleh Tim Kerja: 1. undangan rapat; 2. daftar hadir; 3. notula dan dokumentasi foto; 4. laporan kegiatan kegiatan pembangunan ZI berdasarkan Rencana Aksi dan Target Prioritas. | N13: A | O13: =IF(J13="Ya/Tidak",IF(N13="Ya",1,IF(N13="Tidak",0,"Blm Diisi")),IF(J13="A/B/C",IF(N13="A",1,IF(N13="B",0.5,IF(N13="C",0,"Blm Diisi"))),IF(J13="A/B/C/D",IF(N13="A",1,IF(N13="B",0.67,IF(N13="C",0.33,IF(N13="D",0,"Blm Diisi")))),IF(J13="A/B/C/D/E",IF(N13="A",1,IF(N13="B",0.75,IF(N13="C",0.5,IF(N13="D",0.25,IF(N13="E",0,"Blm Diisi"))))),IF(J13="%",IF(N13="","Blm Diisi",N13),IF(J13="Jumlah",IF(N13="","Blm Diisi",""),IF(J13="Rupiah",IF(N13="","Blm Diisi",""),IF(J13="","","-")))))))) -> 1 | Q13: Tercapai, Dakung yang diminta sudah lengkap | R13: =Jawaban!R13 -> a. Seluruh kegiatan pembangunan sudah dilaksanakan sesuai dengan rencana. | S13: =Jawaban!S13 -> 0 | T13: =Jawaban!T13 -> 0 | U13: =Jawaban!U13 -> 0 | V13: =Jawaban!V13 -> 0
A14: 15 | F14: b. | G14: Terdapat monitoring dan evaluasi terhadap pembangunan Zona Integritas. | I14: a. Jika monitoring dan evaluasi melibatkan pimpinan dan dilakukan secara berkala. b. Jika monitoring dan evaluasi melibatkan pimpinan tetapi tidak secara berkala. c. Jika monitoring dan evaluasi tidak melibatkan pimpinan dan tidak secara berkala. d. Jika tidak terdapat monitoring dan evaluasi terhadap pembangunan zona integritas. | J14: A/B/C/D | K14: =Jawaban!K14 -> A | L14: =Jawaban!L14 -> 0 | M14: Dokumen kegiatan penyusunan laporan hasil monitoring dan evaluasi: 1. undangan rapat; 2. daftar hadir; 3. notula dan dokumentasi foto; 4. laporan hasil monitoring dan evaluasi triwulan. | N14: A | O14: =IF(J14="Ya/Tidak",IF(N14="Ya",1,IF(N14="Tidak",0,"Blm Diisi")),IF(J14="A/B/C",IF(N14="A",1,IF(N14="B",0.5,IF(N14="C",0,"Blm Diisi"))),IF(J14="A/B/C/D",IF(N14="A",1,IF(N14="B",0.67,IF(N14="C",0.33,IF(N14="D",0,"Blm Diisi")))),IF(J14="A/B/C/D/E",IF(N14="A",1,IF(N14="B",0.75,IF(N14="C",0.5,IF(N14="D",0.25,IF(N14="E",0,"Blm Diisi"))))),IF(J14="%",IF(N14="","Blm Diisi",N14),IF(J14="Jumlah",IF(N14="","Blm Diisi",""),IF(J14="Rupiah",IF(N14="","Blm Diisi",""),IF(J14="","","-")))))))) -> 1 | Q14: Tercapai, Dakung yang diminta sudah lengkap | R14: =Jawaban!R14 -> b. Terdapat monitoring dan evaluasi terhadap pembangunan Zona Integritas. | S14: =Jawaban!S14 -> 0 | T14: =Jawaban!T14 -> 0 | U14: =Jawaban!U14 -> 0 | V14: =Jawaban!V14 -> 0
A15: 16 | F15: c. | G15: Hasil Monitoring dan Evaluasi telah ditindaklanjuti. | I15: a. Jika semua catatan/rekomendasi hasil monitoring dan evaluasi tim internal atas persiapan dan pelaksanaan kegiatan Unit WBK/WBBM telah ditindaklanjuti. b. Jika sebagian besar catatan/rekomendasi hasil monitoring danevaluasi tim internal atas persiapan dan pelaksanaan kegiatan Unit WBK/WBBM telah ditindaklanjuti. c. Jika sebagian kecil catatan/rekomendasi hasil monitoring dan evaluasi tim internal atas persiapan dan pelaksanaan kegiatan Unit WBK/WBBM telah ditindaklanjuti. d. Jika catatan/rekomendasi hasil monitoring dan evaluasi tim internal atas persiapan dan pelaksanaan kegiatan Unit WBK/WBBM belum ditindaklanjuti. | J15: A/B/C/D | K15: =Jawaban!K15 -> A | L15: =Jawaban!L15 -> 0 | M15: Dokumen kegiatan penyusunan laporan tindak lanjut hasil monitoring dan evaluasi: 1. undangan rapat; 2. daftar hadir; 3. notula dan dokumentasi foto; 4. laporan tindak lanjut hasil monitoring dan evaluasi. | N15: A | O15: =IF(J15="Ya/Tidak",IF(N15="Ya",1,IF(N15="Tidak",0,"Blm Diisi")),IF(J15="A/B/C",IF(N15="A",1,IF(N15="B",0.5,IF(N15="C",0,"Blm Diisi"))),IF(J15="A/B/C/D",IF(N15="A",1,IF(N15="B",0.67,IF(N15="C",0.33,IF(N15="D",0,"Blm Diisi")))),IF(J15="A/B/C/D/E",IF(N15="A",1,IF(N15="B",0.75,IF(N15="C",0.5,IF(N15="D",0.25,IF(N15="E",0,"Blm Diisi"))))),IF(J15="%",IF(N15="","Blm Diisi",N15),IF(J15="Jumlah",IF(N15="","Blm Diisi",""),IF(J15="Rupiah",IF(N15="","Blm Diisi",""),IF(J15="","","-")))))))) -> 1 | Q15: Tercapai, Dakung yang diminta sudah lengkap | R15: =Jawaban!R15 -> c. Hasil Monitoring dan Evaluasi telah ditindaklanjuti. | S15: =Jawaban!S15 -> 0 | T15: =Jawaban!T15 -> 0 | U15: =Jawaban!U15 -> 0 | V15: =Jawaban!V15 -> 0
A16: 17 | E16: iv. | F16: Perubahan pola pikir dan budaya kerja | H16: 1.5 | K16: =Jawaban!K16 -> 0 | L16: =Jawaban!L16 -> 0 | O16: =AVERAGE(O17:O20)*H16 -> 1.5 | P16: =O16/H16 -> 1 | R16: =Jawaban!R16 -> 0 | S16: =Jawaban!S16 -> 0 | T16: =Jawaban!T16 -> 0 | U16: =Jawaban!U16 -> 0 | V16: =Jawaban!V16 -> 0
A17: 18 | F17: a. | G17: Pimpinan berperan sebagai role model dalam pelaksanaan Pembangunan WBK/WBBM. | I17: ya, jika pimpinan menjadi contoh pelaksanaan nilai-nilai organisasi. | J17: Ya/Tidak | K17: =Jawaban!K17 -> Ya | L17: =Jawaban!L17 -> 0 | M17: 1. Arahan kepala satuan kerja terkait pembangunan ZI dan nilai dasar/core value: a. undangan; b. daftar hadir; c. notula; d. laporan. 2. Absensi pimpinan Satker dan pejabat struktural (Misal sampling: Bulan Januari, Februari, dan Maret) (data dukung diperbaharui tiap triwulan). 3. Dokumentasi pimpinan/pejabat struktural menjadi Pembina apel dan pembina upacara. (data dukung diperbaharui tiap triwulan). 4. Dokumen Jurnal Harian Pimpinan dan Pejabat Struktural (Sampling: Bulan Januari, Februari, dan Maret) (data dukung diperbaharui tiap triwulan): a. Untuk satuan kerja Eselon I, daftar hadir dan jurnal harian yang dibutuhkan sampai kepada Jabatan Struktural Eselon I, II, dan III; b. Untuk satuan kerja Eselon II, daftar hadir dan jurnal harian yang dibutuhkan sampai kepada Jabatan Struktural Eselon II dan III; c. Untuk satuan kerja Eselon III, daftar hadir dan jurnal harian yang dibutuhkan sampai kepada Jabatan Struktural Eselon III dan IV. | N17: Ya | O17: =IF(J17="Ya/Tidak",IF(N17="Ya",1,IF(N17="Tidak",0,"Blm Diisi")),IF(J17="A/B/C",IF(N17="A",1,IF(N17="B",0.5,IF(N17="C",0,"Blm Diisi"))),IF(J17="A/B/C/D",IF(N17="A",1,IF(N17="B",0.67,IF(N17="C",0.33,IF(N17="D",0,"Blm Diisi")))),IF(J17="A/B/C/D/E",IF(N17="A",1,IF(N17="B",0.75,IF(N17="C",0.5,IF(N17="D",0.25,IF(N17="E",0,"Blm Diisi"))))),IF(J17="%",IF(N17="","Blm Diisi",N17),IF(J17="Jumlah",IF(N17="","Blm Diisi",""),IF(J17="Rupiah",IF(N17="","Blm Diisi",""),IF(J17="","","-")))))))) -> 1 | Q17: Tercapai, Dakung yang diminta sudah lengkap | R17: =Jawaban!R17 -> a. Pimpinan berperan sebagai role model dalam pelaksanaan Pembangunan WBK/WBBM. | S17: =Jawaban!S17 -> 0 | T17: =Jawaban!T17 -> 0 | U17: =Jawaban!U17 -> 0 | V17: =Jawaban!V17 -> 0
A18: 19 | F18: b. | G18: Sudah ditetapkan agen perubahan. | I18: a. Jika agen perubahan telah ditetapkan dan berkontribusi terhadap perubahan pada unit kerjanya. b. Jika agen perubahan telah ditetapkan namun belum berkontribusi terhadap perubahan pada unit kerjanya. c. Jika belum terdapat agen perubahan. | J18: A/B/C | K18: =Jawaban!K18 -> A | L18: =Jawaban!L18 -> 0 | M18: Dokumen pelaksanaan kegiatan penetapan Agen Perubahan: 1. undangan; 2. daftar hadir; 3. notula dan dokumentasi foto; 4. Riwayat Hidup dan rekam jejak agen perubahan; 5. SK Agen Perubahan yang ditetapkan oleh Kepala Satuan Kerja. Keterangan : Masing-masing Agen Perubahan yang ditunjuk harus memiliki prestasi/kontribusi dalam pembangunan ZI dan satu agen perubahan minimal memiliki satu produk perubahan, yang terintegrasi dengan Sistem Manajemen pada satuan kerja (tidak termasuk jingle, maskot, jargon). | N18: A | O18: =IF(J18="Ya/Tidak",IF(N18="Ya",1,IF(N18="Tidak",0,"Blm Diisi")),IF(J18="A/B/C",IF(N18="A",1,IF(N18="B",0.5,IF(N18="C",0,"Blm Diisi"))),IF(J18="A/B/C/D",IF(N18="A",1,IF(N18="B",0.67,IF(N18="C",0.33,IF(N18="D",0,"Blm Diisi")))),IF(J18="A/B/C/D/E",IF(N18="A",1,IF(N18="B",0.75,IF(N18="C",0.5,IF(N18="D",0.25,IF(N18="E",0,"Blm Diisi"))))),IF(J18="%",IF(N18="","Blm Diisi",N18),IF(J18="Jumlah",IF(N18="","Blm Diisi",""),IF(J18="Rupiah",IF(N18="","Blm Diisi",""),IF(J18="","","-")))))))) -> 1 | Q18: Tercapai, Dakung yang diminta sudah lengkap | R18: =Jawaban!R18 -> b. Sudah ditetapkan agen perubahan. | S18: =Jawaban!S18 -> 0 | T18: =Jawaban!T18 -> 0 | U18: =Jawaban!U18 -> 0 | V18: =Jawaban!V18 -> 0
A19: 20 | F19: c. | G19: Telah dibangun budaya kerja dan pola pikir di lingkungan organisasi. | I19: a. Jika telah dilakukan upaya pembangunan budaya kerja dan pola pikir dan mampu mengurangi resistensi atas perubahan. b. Jika telah dilakukan upaya pembangunan budaya kerja dan pola pikir tapi masih terdapat resistensi atas perubahan. c. Jika belum terdapat upaya pembangunan budaya kerja dan pola pikir. | J19: A/B/C | K19: =Jawaban!K19 -> A | L19: =Jawaban!L19 -> 0 | M19: B03: 1. Dokumen Laporan Pelaksanaan Kegiatan Pelatihan budaya kerja atau BerAKHLAK (Kegiatan dapat dilakukan oleh internal satuan kerja. Contoh: Workshop, in House Training) 2. Dokumen laporan pelaksanaan kegiatan penerapan budaya kerja berikut dokumentasinya. B03, B06, B09, B12: 3. Dokumentasi pegawai yang menerima reward dan punishment. Contoh: a. Penghargaan/Piagam terhadap pegawai terbaik/ teladan atas kehadiran dan kinerja; dan b. SK Hukdis/Usulan Penjatuhan Hukdis dan BAP. (Jika tidak terdapat hukdis menggunakan surat keterangan kasatker yang menyatakan bahwa tidak terdapat pegawai yang sedang dalam proses atau menjalani hukdis pada satuan kerja) | N19: A | O19: =IF(J19="Ya/Tidak",IF(N19="Ya",1,IF(N19="Tidak",0,"Blm Diisi")),IF(J19="A/B/C",IF(N19="A",1,IF(N19="B",0.5,IF(N19="C",0,"Blm Diisi"))),IF(J19="A/B/C/D",IF(N19="A",1,IF(N19="B",0.67,IF(N19="C",0.33,IF(N19="D",0,"Blm Diisi")))),IF(J19="A/B/C/D/E",IF(N19="A",1,IF(N19="B",0.75,IF(N19="C",0.5,IF(N19="D",0.25,IF(N19="E",0,"Blm Diisi"))))),IF(J19="%",IF(N19="","Blm Diisi",N19),IF(J19="Jumlah",IF(N19="","Blm Diisi",""),IF(J19="Rupiah",IF(N19="","Blm Diisi",""),IF(J19="","","-")))))))) -> 1 | Q19: Tercapai, Dakung yang diminta sudah lengkap | R19: =Jawaban!R19 -> c. Telah dibangun budaya kerja dan pola pikir di lingkungan organisasi. | S19: =Jawaban!S19 -> 0 | T19: =Jawaban!T19 -> 0 | U19: =Jawaban!U19 -> 0 | V19: =Jawaban!V19 -> 0
A20: 21 | F20: d. | G20: Anggota organisasi terlibat dalam pembangunan Zona Integritas menuju WBK/WBBM. | I20: a. Jika semua anggota terlibat dalam pembangunan Zona Integritas menuju WBK/ WBBM dan usulan-usulan dari anggota diakomodasikan dalam keputusan. b. Jika sebagian besar anggota terlibat dalam pembangunan Zona Integritas menuju WBK/ WBBM. c. Jika sebagian kecil anggota terlibat dalam pembangunan Zona Integritas menuju WBK/ WBBM. d. Jika belum ada anggota terlibat dalam pembangunan Zona Integritas menuju WBK/ WBBM. | J20: A/B/C/D | K20: =Jawaban!K20 -> A | L20: =Jawaban!L20 -> 0 | M20: B03: 1. Dokumen kegiatan yang melibatkan seluruh pegawai dalam pembangunan ZI menuju WBK/WBBM seperti rapat pembuatan jingle satker, rapat pembuatan motto atau slogan satker, yel-yel, maskot dan jargon, kegiatan pemasangan banner/poster dan coffee briefing/coffee morning: a) undangan; b) daftar hadir; c) notula yang menjelaskan keterlibatan pegawai dalam memberikan usulan seperti usulan yel-yel, jargon, maskot dll. dan dokumentasi foto; d) Laporan. B03, B06, B09, B12: 2. Dokumen laporan kegiatan yang melibatkan seluruh pegawai seperti apel pagi dan apel sore, jumat olahraga, dan kegiatan rohani. | N20: A | O20: =IF(J20="Ya/Tidak",IF(N20="Ya",1,IF(N20="Tidak",0,"Blm Diisi")),IF(J20="A/B/C",IF(N20="A",1,IF(N20="B",0.5,IF(N20="C",0,"Blm Diisi"))),IF(J20="A/B/C/D",IF(N20="A",1,IF(N20="B",0.67,IF(N20="C",0.33,IF(N20="D",0,"Blm Diisi")))),IF(J20="A/B/C/D/E",IF(N20="A",1,IF(N20="B",0.75,IF(N20="C",0.5,IF(N20="D",0.25,IF(N20="E",0,"Blm Diisi"))))),IF(J20="%",IF(N20="","Blm Diisi",N20),IF(J20="Jumlah",IF(N20="","Blm Diisi",""),IF(J20="Rupiah",IF(N20="","Blm Diisi",""),IF(J20="","","-")))))))) -> 1 | Q20: Tercapai, Dakung yang diminta sudah lengkap | R20: =Jawaban!R20 -> d. Anggota organisasi terlibat dalam pembangunan Zona Integritas menuju WBK/WBBM. | S20: =Jawaban!S20 -> 0 | T20: =Jawaban!T20 -> 0 | U20: =Jawaban!U20 -> 0 | V20: =Jawaban!V20 -> 0
A21: 22 | D21: 2. | E21: PENATAAN TATALAKSANA | H21: 3.5 | K21: =Jawaban!K21 -> 0 | L21: =Jawaban!L21 -> 0 | O21: =SUM(O22,O26,O31) -> 3.5 | P21: =O21/H21 -> 1 | R21: =Jawaban!R21 -> 0 | S21: =Jawaban!S21 -> 0 | T21: =Jawaban!T21 -> 0 | U21: =Jawaban!U21 -> 0 | V21: =Jawaban!V21 -> 0
A22: 23 | E22: i. | F22: Prosedur Operasional Tetap (SOP) Kegiatan Utama | H22: 1 | K22: =Jawaban!K22 -> 0 | L22: =Jawaban!L22 -> 0 | O22: =AVERAGE(O23:O25)*H22 -> 1 | P22: =O22/H22 -> 1 | R22: =Jawaban!R22 -> 0 | S22: =Jawaban!S22 -> 0 | T22: =Jawaban!T22 -> 0 | U22: =Jawaban!U22 -> 0 | V22: =Jawaban!V22 -> 0
A23: 24 | F23: a. | G23: SOP mengacu pada peta proses bisnis instansi. | I23: a. Jika semua SOP unit telah mengacu peta proses bisnis dan juga melakukan inovasi yang selaras. b. Jika semua SOP unit telah mengacu peta proses bisnis. c. Jika sebagian SOP unit telah mengacu peta proses bisnis. d. Jika belum terdapat SOP unit yang mengacu peta proses bisnis. | J23: A/B/C/D | K23: =Jawaban!K23 -> A | L23: =Jawaban!L23 -> 0 | M23: 1. Dokumen Peta Bisnis Instansi (Kementerian). 2. Dokumen SOP Pusat/Unit Eselon I. 3. Dokumen SOP Flowchart dan Grafik Satuan Kerja. 4. Dokumen SOP Inovasi Flowchart dan Grafik (Ditetapkan oleh Ka. UPT/Satker). Penyusunan SOP mengacu kepada format yang ditetapkan dalam Permenpanrb Nomor 35 Tahun 2012 tentang Pedoman Penyusunan Standar Operasional Prosedur Administrasi Pemerintahan. Keterangan: Apabila Dokumen Peta Bisnis Instansi (Kementerian) belum tersedia, data dukung dapat dipenuhi dengan melampirkan: a. draf Dokumen Peta Bisnis Instansi; dan b. Surat Pernyataan Kepala Biro Sumber Daya Manusia Organisasi dan Ketatalaksanaan yang menyatakan bahwa Dokumen Peta Bisnis belum tersedia serta dilampirkan juga dengan timeline penyelesaiannya. | N23: A | O23: =IF(J23="Ya/Tidak",IF(N23="Ya",1,IF(N23="Tidak",0,"Blm Diisi")),IF(J23="A/B/C",IF(N23="A",1,IF(N23="B",0.5,IF(N23="C",0,"Blm Diisi"))),IF(J23="A/B/C/D",IF(N23="A",1,IF(N23="B",0.67,IF(N23="C",0.33,IF(N23="D",0,"Blm Diisi")))),IF(J23="A/B/C/D/E",IF(N23="A",1,IF(N23="B",0.75,IF(N23="C",0.5,IF(N23="D",0.25,IF(N23="E",0,"Blm Diisi"))))),IF(J23="%",IF(N23="","Blm Diisi",N23),IF(J23="Jumlah",IF(N23="","Blm Diisi",""),IF(J23="Rupiah",IF(N23="","Blm Diisi",""),IF(J23="","","-")))))))) -> 1 | Q23: Tercapai, Dakung yang diminta sudah lengkap | R23: =Jawaban!R23 -> a. SOP mengacu pada peta proses bisnis instansi. | S23: =Jawaban!S23 -> 0 | T23: =Jawaban!T23 -> 0 | U23: =Jawaban!U23 -> 0 | V23: =Jawaban!V23 -> 0
A24: 25 | F24: b. | G24: Prosedur operasional tetap (SOP) telah diterapkan. | I24: a. Jika unit telah menerapkan seluruh SOP yang ditetapkan organisasi dan juga melakukan inovasi pada SOP yang diterapkan. b. Jika unit telah menerapkan seluruh SOP yang ditetapkan organisasi. c. Jika unit telah menerapkan sebagian besar SOP yang ditetapkan organisasi. d. Jika unit telah menerapkan sebagian kecil SOP yang ditetapkan organisasi. e. Jika unit belum menerapkan SOP yang telah ditetapkan organisasi. | J24: A/B/C/D/E | K24: =Jawaban!K24 -> A | L24: =Jawaban!L24 -> 0 | M24: 1. Kepala Satuan Kerja menerbitkan kembali SOP dari Unit Eselon I/Kementerian dalam bentuk SK Kepala Satuan Kerja serta melakukan inovasi terkait dengan pelayanan yang dilaksanakan di satuan kerja. 2. Dokumentasi pemasangan/informasi tentang alur atau prosedur layanan. | N24: A | O24: =IF(J24="Ya/Tidak",IF(N24="Ya",1,IF(N24="Tidak",0,"Blm Diisi")),IF(J24="A/B/C",IF(N24="A",1,IF(N24="B",0.5,IF(N24="C",0,"Blm Diisi"))),IF(J24="A/B/C/D",IF(N24="A",1,IF(N24="B",0.67,IF(N24="C",0.33,IF(N24="D",0,"Blm Diisi")))),IF(J24="A/B/C/D/E",IF(N24="A",1,IF(N24="B",0.75,IF(N24="C",0.5,IF(N24="D",0.25,IF(N24="E",0,"Blm Diisi"))))),IF(J24="%",IF(N24="","Blm Diisi",N24),IF(J24="Jumlah",IF(N24="","Blm Diisi",""),IF(J24="Rupiah",IF(N24="","Blm Diisi",""),IF(J24="","","-")))))))) -> 1 | Q24: Tercapai, Dakung yang diminta sudah lengkap | R24: =Jawaban!R24 -> b. Prosedur operasional tetap (SOP) telah diterapkan. | S24: =Jawaban!S24 -> 0 | T24: =Jawaban!T24 -> 0 | U24: =Jawaban!U24 -> 0 | V24: =Jawaban!V24 -> 0
A25: 26 | F25: c. | G25: Prosedur operasional tetap (SOP) telah dievaluasi. | I25: a. Jika seluruh SOP utama telah dievaluasi dan telah ditindaklanjuti berupa perbaikan SOP atau usulan perbaikan SOP. b. Jika sebagian besar SOP utama telah dievaluasi dan telah ditindaklanjuti berupa perbaikan SOP atau usulan perbaikan SOP. c. Jika sebagian besar SOP utama telah dievaluasi tetapi belum ditindaklanjuti. d. Jika sebagian kecil SOP utama telah dievaluasi. e. Jika SOP belum pernah dievaluasi. | J25: A/B/C/D/E | K25: =Jawaban!K25 -> A | L25: =Jawaban!L25 -> 0 | M25: Dokumen monitoring dan evaluasi penerapan SOP satuan kerja: 1. undangan; 2. daftar hadir; 3. notula dan dokumentasi kegiatan; 4. laporan hasil monitoring dan evaluasi penerapan SOP berisi Matriks perubahan SOP semula dan SOP Perubahan atau usulan perbaikan SOP. | N25: A | O25: =IF(J25="Ya/Tidak",IF(N25="Ya",1,IF(N25="Tidak",0,"Blm Diisi")),IF(J25="A/B/C",IF(N25="A",1,IF(N25="B",0.5,IF(N25="C",0,"Blm Diisi"))),IF(J25="A/B/C/D",IF(N25="A",1,IF(N25="B",0.67,IF(N25="C",0.33,IF(N25="D",0,"Blm Diisi")))),IF(J25="A/B/C/D/E",IF(N25="A",1,IF(N25="B",0.75,IF(N25="C",0.5,IF(N25="D",0.25,IF(N25="E",0,"Blm Diisi"))))),IF(J25="%",IF(N25="","Blm Diisi",N25),IF(J25="Jumlah",IF(N25="","Blm Diisi",""),IF(J25="Rupiah",IF(N25="","Blm Diisi",""),IF(J25="","","-")))))))) -> 1 | Q25: Tercapai, Dakung yang diminta sudah lengkap | R25: =Jawaban!R25 -> c. Prosedur operasional tetap (SOP) telah dievaluasi. | S25: =Jawaban!S25 -> 0 | T25: =Jawaban!T25 -> 0 | U25: =Jawaban!U25 -> 0 | V25: =Jawaban!V25 -> 0
A26: 27 | E26: ii. | F26: Sistem Pemerintahan Berbasis Elektronik (SPBE) | H26: 2 | K26: =Jawaban!K26 -> 0 | L26: =Jawaban!L26 -> 0 | O26: =AVERAGE(O27:O30)*H26 -> 2 | P26: =O26/H26 -> 1 | R26: =Jawaban!R26 -> 0 | S26: =Jawaban!S26 -> 0 | T26: =Jawaban!T26 -> 0 | U26: =Jawaban!U26 -> 0 | V26: =Jawaban!V26 -> 0
A27: 28 | F27: a. | G27: Sistem pengukuran kinerja unit sudah menggunakan teknologi informasi. | I27: a. Jika unit memiliki sistem pengukuran kinerja (e-performance/e-sakip) yang menggunakan teknologi informasi dan juga melakukan inovasi. b. Jika unit memiliki sistem pengukuran kinerja (e-performance/e-sakip) yang menggunakan teknologi informasi. c. Jika belum memiliki sistem pengukuran kinerja (e-performance/e-sakip) yang menggunakan teknologi informasi. | J27: A/B/C | K27: =Jawaban!K27 -> A | L27: =Jawaban!L27 -> 0 | M27: 1. Capture penggunaan teknologi/aplikasi pengukuran kinerja. 2. Capture Inovasi terkait sistem pengukuran kinerja pada satuan kerja. (jika ada) 3. Jurnal Harian pegawai yang ditandatangani oleh pegawai yang bersangkutan dan atasan langsung. | N27: A | O27: =IF(J27="Ya/Tidak",IF(N27="Ya",1,IF(N27="Tidak",0,"Blm Diisi")),IF(J27="A/B/C",IF(N27="A",1,IF(N27="B",0.5,IF(N27="C",0,"Blm Diisi"))),IF(J27="A/B/C/D",IF(N27="A",1,IF(N27="B",0.67,IF(N27="C",0.33,IF(N27="D",0,"Blm Diisi")))),IF(J27="A/B/C/D/E",IF(N27="A",1,IF(N27="B",0.75,IF(N27="C",0.5,IF(N27="D",0.25,IF(N27="E",0,"Blm Diisi"))))),IF(J27="%",IF(N27="","Blm Diisi",N27),IF(J27="Jumlah",IF(N27="","Blm Diisi",""),IF(J27="Rupiah",IF(N27="","Blm Diisi",""),IF(J27="","","-")))))))) -> 1 | Q27: Tercapai, Dakung yang diminta sudah lengkap | R27: =Jawaban!R27 -> a. Sistem pengukuran kinerja unit sudah menggunakan teknologi informasi. | S27: =Jawaban!S27 -> 0 | T27: =Jawaban!T27 -> 0 | U27: =Jawaban!U27 -> 0 | V27: =Jawaban!V27 -> 0
A28: 29 | F28: b. | G28: Operasionalisasi manajemen SDM sudah menggunakan teknologi informasi. | I28: a. Jika unit memiliki operasionalisasi manajemen SDM yang menggunakan teknologi informasi dan juga melakukan inovasi. b. Jika unit memiliki operasionalisasi manajemen SDM yang menggunakan teknologi informasi secara terpusat. c. Jika belum menggunakan teknologi informasi dalam operasionalisasi manajemen SDM. | J28: A/B/C | K28: =Jawaban!K28 -> A | L28: =Jawaban!L28 -> 0 | M28: 1. Capture penggunaan teknologi/aplikasi STAR ASN. 2. Capture Inovasi terkait manajemen SDM menggunakan teknologi informasi pada satuan kerja. (jika ada) Keterangan: maksimal nilai B jika belum terdapat inovasi. | N28: A | O28: =IF(J28="Ya/Tidak",IF(N28="Ya",1,IF(N28="Tidak",0,"Blm Diisi")),IF(J28="A/B/C",IF(N28="A",1,IF(N28="B",0.5,IF(N28="C",0,"Blm Diisi"))),IF(J28="A/B/C/D",IF(N28="A",1,IF(N28="B",0.67,IF(N28="C",0.33,IF(N28="D",0,"Blm Diisi")))),IF(J28="A/B/C/D/E",IF(N28="A",1,IF(N28="B",0.75,IF(N28="C",0.5,IF(N28="D",0.25,IF(N28="E",0,"Blm Diisi"))))),IF(J28="%",IF(N28="","Blm Diisi",N28),IF(J28="Jumlah",IF(N28="","Blm Diisi",""),IF(J28="Rupiah",IF(N28="","Blm Diisi",""),IF(J28="","","-")))))))) -> 1 | Q28: Tercapai, Dakung yang diminta sudah lengkap | R28: =Jawaban!R28 -> b. Operasionalisasi manajemen SDM sudah menggunakan teknologi informasi. | S28: =Jawaban!S28 -> 0 | T28: =Jawaban!T28 -> 0 | U28: =Jawaban!U28 -> 0 | V28: =Jawaban!V28 -> 0
A29: 30 | F29: c. | G29: Pemberian pelayanan kepada publik sudah menggunakan teknologi informasi. | I29: a. Jika unit memberikan pelayanan kepada publik dengan menggunakan teknologi informasi terpusat/unit sendiri dan terdapat inovasi. b. Jika unit memberikan pelayanan kepada publik dengan menggunakan teknologi informasi secara terpusat. c. Jika belum memberikan pelayanan kepada publik dengan menggunakan teknologi informasi. | J29: A/B/C | K29: =Jawaban!K29 -> A | L29: =Jawaban!L29 -> 0 | M29: 1. Capture penggunaan teknologi informasi dalam memberikan pelayanan kepada publik yang disediakan secara terpusat; 2. Capture penggunaan teknologi informasi dalam memberikan pelayanan kepada publik yang disediakan secara mandiri/ inovasi satuan kerja (jika ada). | N29: A | O29: =IF(J29="Ya/Tidak",IF(N29="Ya",1,IF(N29="Tidak",0,"Blm Diisi")),IF(J29="A/B/C",IF(N29="A",1,IF(N29="B",0.5,IF(N29="C",0,"Blm Diisi"))),IF(J29="A/B/C/D",IF(N29="A",1,IF(N29="B",0.67,IF(N29="C",0.33,IF(N29="D",0,"Blm Diisi")))),IF(J29="A/B/C/D/E",IF(N29="A",1,IF(N29="B",0.75,IF(N29="C",0.5,IF(N29="D",0.25,IF(N29="E",0,"Blm Diisi"))))),IF(J29="%",IF(N29="","Blm Diisi",N29),IF(J29="Jumlah",IF(N29="","Blm Diisi",""),IF(J29="Rupiah",IF(N29="","Blm Diisi",""),IF(J29="","","-")))))))) -> 1 | Q29: Tercapai, Dakung yang diminta sudah lengkap | R29: =Jawaban!R29 -> c.Pemberian pelayanan kepada publik sudah menggunakan teknologi informasi. | S29: =Jawaban!S29 -> 0 | T29: =Jawaban!T29 -> 0 | U29: =Jawaban!U29 -> 0 | V29: =Jawaban!V29 -> 0
A30: 31 | F30: d | G30: Telah dilakukan monitoring dan dan evaluasi terhadap pemanfaatan teknologi informasi dalam pengukuran kinerja unit, operasionalisasi SDM, dan pemberian layanan kepada publik. | I30: a. Jika laporan monitoring dan evaluasi terhadap pemanfaatan teknologi informasi dalam pengukuran kinerja unit, operasionalisasi SDM, dan pemberian layanan kepada publik sudah dilakukan secara berkala. b. Jika laporan monitoring dan evaluasi terhadap pemanfaatan teknologi informasi dalam pengukuran kinerja unit, operasionalisasi SDM, dan pemberian layanan kepada publik sudah dilakukan tetapi tidak secara berkala. c. Jika tidak terdapat monitoring dan evaluasi terhadap pemanfaatan teknologi informasi dalam pengukuran kinerja unit, operasionalisasi SDM, dan pemberian layanan kepada publik. | J30: A/B/C | K30: =Jawaban!K30 -> A | L30: =Jawaban!L30 -> 0 | M30: Dokumen kegiatan monitoring dan evaluasi terhadap pemanfaatan teknologi informasi dalam pengukuran kinerja unit, operasionalisasi SDM, dan pemberian layanan kepada publik: 1. Undangan; 2. Daftar Hadir; 3. Notula dan Dokumentasi Foto; 4. Laporan Monitoring dan Evaluasi. | N30: A | O30: =IF(J30="Ya/Tidak",IF(N30="Ya",1,IF(N30="Tidak",0,"Blm Diisi")),IF(J30="A/B/C",IF(N30="A",1,IF(N30="B",0.5,IF(N30="C",0,"Blm Diisi"))),IF(J30="A/B/C/D",IF(N30="A",1,IF(N30="B",0.67,IF(N30="C",0.33,IF(N30="D",0,"Blm Diisi")))),IF(J30="A/B/C/D/E",IF(N30="A",1,IF(N30="B",0.75,IF(N30="C",0.5,IF(N30="D",0.25,IF(N30="E",0,"Blm Diisi"))))),IF(J30="%",IF(N30="","Blm Diisi",N30),IF(J30="Jumlah",IF(N30="","Blm Diisi",""),IF(J30="Rupiah",IF(N30="","Blm Diisi",""),IF(J30="","","-")))))))) -> 1 | Q30: Tercapai, Dakung yang diminta sudah lengkap | R30: =Jawaban!R30 -> d. Telah dilakukan monitoring dan dan evaluasi terhadap pemanfaatan teknologi informasi dalam pengukuran kinerja unit, operasionalisasi SDM, dan pemberian layanan kepada publik. | S30: =Jawaban!S30 -> 0 | T30: =Jawaban!T30 -> 0 | U30: =Jawaban!U30 -> 0 | V30: =Jawaban!V30 -> 0
A31: 32 | E31: iii. | F31: Keterbukaan Informasi Publik | H31: 0.5 | K31: =Jawaban!K31 -> 0 | L31: =Jawaban!L31 -> 0 | O31: =AVERAGE(O32:O33)*H31 -> 0.5 | P31: =O31/H31 -> 1 | R31: =Jawaban!R31 -> 0 | S31: =Jawaban!S31 -> 0 | T31: =Jawaban!T31 -> 0 | U31: =Jawaban!U31 -> 0 | V31: =Jawaban!V31 -> 0
A32: 33 | F32: a. | G32: Kebijakan tentang keterbukaan informasi publik telah diterapkan. | I32: a. Jika sudah terdapat Pejabat Pengelola Informasi Publik (PPID) yang menyebarkan seluruh informasi yang dapat diakses secara mutakhir dan lengkap. b. Jika sudah terdapat PPID yang menyebarkan sebagian informasi yang dapat diakses secara mutakhir dan lengkap. c. Jika belum ada PPID dan belum melakukan penyebaran informasi publik. | J32: A/B/C | K32: =Jawaban!K32 -> A | L32: =Jawaban!L32 -> 0 | M32: B03: 1. SK Kepala Satuan Kerja tentang Penetapan Pejabat Pengelola Informasi Publik (PPID). B03, B06, B09, B12: 2. Laporan pelaksanaan kegiatan Tim PPID dalam hal penyebarluasan informasi: a. Undangan; b. Daftar hadir; c. Notula dan Dokumentasi; d. Laporan hasil pelaksanaan keterbukaan informasi publik. | N32: A | O32: =IF(J32="Ya/Tidak",IF(N32="Ya",1,IF(N32="Tidak",0,"Blm Diisi")),IF(J32="A/B/C",IF(N32="A",1,IF(N32="B",0.5,IF(N32="C",0,"Blm Diisi"))),IF(J32="A/B/C/D",IF(N32="A",1,IF(N32="B",0.67,IF(N32="C",0.33,IF(N32="D",0,"Blm Diisi")))),IF(J32="A/B/C/D/E",IF(N32="A",1,IF(N32="B",0.75,IF(N32="C",0.5,IF(N32="D",0.25,IF(N32="E",0,"Blm Diisi"))))),IF(J32="%",IF(N32="","Blm Diisi",N32),IF(J32="Jumlah",IF(N32="","Blm Diisi",""),IF(J32="Rupiah",IF(N32="","Blm Diisi",""),IF(J32="","","-")))))))) -> 1 | Q32: Tercapai, Dakung yang diminta sudah lengkap | R32: =Jawaban!R32 -> a. Kebijakan tentang keterbukaan informasi publik telah diterapkan | S32: =Jawaban!S32 -> 0 | T32: =Jawaban!T32 -> 0 | U32: =Jawaban!U32 -> 0 | V32: =Jawaban!V32 -> 0
A33: 34 | F33: b. | G33: Telah dilakukan monitoring dan evaluasi pelaksanaan kebijakan keterbukaan informasi publik. | I33: a. Jika dilakukan monitoring dan evaluasi pelaksanaan kebijakan keterbukaan informasi publik dan telah ditindaklanjuti. b. Jika monitoring dan evaluasi pelaksanaan kebijakan keterbukaan informasi publik telah dilakukan tetapi belum ditindaklanjuti. c. Jika monitoring dan evaluasi pelaksanaan kebijakan keterbukaan informasi publik belum dilakukan. | J33: A/B/C | K33: =Jawaban!K33 -> A | L33: =Jawaban!L33 -> 0 | M33: 1. Laporan hasil monitoring dan evaluasi pelaksanaan kebijakan keterbukaan informasi publik oleh tim PPID. 2. Laporan tindak lanjut monitoring dan evaluasi. | N33: A | O33: =IF(J33="Ya/Tidak",IF(N33="Ya",1,IF(N33="Tidak",0,"Blm Diisi")),IF(J33="A/B/C",IF(N33="A",1,IF(N33="B",0.5,IF(N33="C",0,"Blm Diisi"))),IF(J33="A/B/C/D",IF(N33="A",1,IF(N33="B",0.67,IF(N33="C",0.33,IF(N33="D",0,"Blm Diisi")))),IF(J33="A/B/C/D/E",IF(N33="A",1,IF(N33="B",0.75,IF(N33="C",0.5,IF(N33="D",0.25,IF(N33="E",0,"Blm Diisi"))))),IF(J33="%",IF(N33="","Blm Diisi",N33),IF(J33="Jumlah",IF(N33="","Blm Diisi",""),IF(J33="Rupiah",IF(N33="","Blm Diisi",""),IF(J33="","","-")))))))) -> 1 | Q33: Tercapai, Dakung yang diminta sudah lengkap | R33: =Jawaban!R33 -> b. Telah dilakukan monitoring dan evaluasi pelaksanaan kebijakan keterbukaan informasi publik. | S33: =Jawaban!S33 -> 0 | T33: =Jawaban!T33 -> 0 | U33: =Jawaban!U33 -> 0 | V33: =Jawaban!V33 -> 0
A34: 35 | D34: 3. | E34: PENATAAN SISTEM MANAJEMEN SDM APARATUR | H34: 5 | K34: =Jawaban!K34 -> 0 | L34: =Jawaban!L34 -> 0 | O34: =SUM(O35,O39,O43,O50,O55,O57) -> 5 | P34: =O34/H34 -> 1 | R34: =Jawaban!R34 -> 0 | S34: =Jawaban!S34 -> 0 | T34: =Jawaban!T34 -> 0 | U34: =Jawaban!U34 -> 0 | V34: =Jawaban!V34 -> 0
A35: 36 | E35: i. | F35: Perencanaan Kebutuhan Pegawai sesuai dengan Kebutuhan Organisasi | H35: 0.25 | K35: =Jawaban!K35 -> 0 | L35: =Jawaban!L35 -> 0 | O35: =AVERAGE(O36:O38)*H35 -> 0.25 | P35: =O35/H35 -> 1 | R35: =Jawaban!R35 -> 0 | S35: =Jawaban!S35 -> 0 | T35: =Jawaban!T35 -> 0 | U35: =Jawaban!U35 -> 0 | V35: =Jawaban!V35 -> 0
A36: 37 | F36: a. | G36: Kebutuhan pegawai yang disusun oleh unit kerja mengacu kepada peta jabatan dan hasil analisis beban kerja untuk masing-masing jabatan. | I36: Ya, jika kebutuhan pegawai yang disusun oleh unit kerja mengacu kepada peta jabatan dan hasil analisis beban kerja untuk masing-masing jabatan. | J36: Ya/Tidak | K36: =Jawaban!K36 -> Ya | L36: =Jawaban!L36 -> 0 | M36: 1. Peta Jabatan mengacu kepada format Lampiran VI Perka BKN Nomor 9 Tahun 2022 tentang Tata Cara Pelaksanaan Penyusunan Kebutuhan ASN yang ditandatangani oleh kepala satuan kerja. 2. Analisis Jabatan mengacu kepada format dalam Lampiran I s.d. V Peraturan BKN Nomor 9 Tahun 2022 tentang Tata Cara Pelaksanaan Penyusunan Kebutuhan ASN. 3. Dokumen Kebutuhan Pegawai mengacu kepada format dalam Lampiran VII Perka BKN Nomor 9 Tahun 2022 tentang Tata Cara Pelaksanaan Penyusunan Kebutuhan ASN. 4. Surat usulan kebutuhan pegawai dari Unit Kerja yang ditujukan kepada Sekretariat Jenderal melalui Kanwil. 5. Dokumen Rapat kebutuhan pegawai berupa Undangan, Daftar Hadir, Notula dan Dokumentasi Foto sesuai dengan ketentuan yang berlaku mengenai tata naskah dinas di lingkungan Kementerian Imigrasi dan Pemasyarakatan . Keterangan: Jika terdapat perubahan diupdate pada triwulan berikutnya. | N36: Ya | O36: =IF(J36="Ya/Tidak",IF(N36="Ya",1,IF(N36="Tidak",0,"Blm Diisi")),IF(J36="A/B/C",IF(N36="A",1,IF(N36="B",0.5,IF(N36="C",0,"Blm Diisi"))),IF(J36="A/B/C/D",IF(N36="A",1,IF(N36="B",0.67,IF(N36="C",0.33,IF(N36="D",0,"Blm Diisi")))),IF(J36="A/B/C/D/E",IF(N36="A",1,IF(N36="B",0.75,IF(N36="C",0.5,IF(N36="D",0.25,IF(N36="E",0,"Blm Diisi"))))),IF(J36="%",IF(N36="","Blm Diisi",N36),IF(J36="Jumlah",IF(N36="","Blm Diisi",""),IF(J36="Rupiah",IF(N36="","Blm Diisi",""),IF(J36="","","-")))))))) -> 1 | Q36: Tercapai, Dakung yang diminta sudah lengkap | R36: =Jawaban!R36 -> a. Kebutuhan pegawai yang disusun oleh unit kerja mengacu kepada peta jabatan dan hasil analisis beban kerja untuk masing-masing jabatan. | S36: =Jawaban!S36 -> 0 | T36: =Jawaban!T36 -> 0 | U36: =Jawaban!U36 -> 0 | V36: =Jawaban!V36 -> 0
A37: 38 | F37: b. | G37: Penempatan pegawai hasil rekrutmen murni mengacu kepada kebutuhan pegawai yang telah disusun per jabatan. | I37: a. Jika semua penempatan pegawai hasil rekrutmen murni mengacu kepada kebutuhan pegawai yang telah disusun per jabatan. b. Jika sebagian besar penempatan pegawai hasil rekrutmen murni mengacu kepada kebutuhan pegawai yang telah disusun per jabatan. c. Jika sebagian kecil penempatan pegawai hasil rekrutmen murni mengacu kepada kebutuhan pegawai yang telah disusun per jabatan. d. Jika penempatan pegawai hasil rekrutmen murni tidak mengacu kepada kebutuhan pegawai yang telah disusun per jabatan. | J37: A/B/C/D | K37: =Jawaban!K37 -> A | L37: =Jawaban!L37 -> 0 | M37: 1. SK CPNS hasil dari Penerimaan CPNS yang terakhir/terbaru. 2. Surat pengantar penempatan CPNS dari Kanwil ke Unit Kerja. 3. Surat Perintah Melaksanakan Tugas (SPMT) dari Kepala Satuan Kerja. 4. Surat Keputusan MenPANRB tentang Penetapan Kebutuhan PNS di Lingkungan Kementerian Imigrasi dan Pemasyarakatan Tahun Anggaran terakhir. Dokumen ini didapatkan dari Biro SDMA, Organisasi dan Ketatalaksanaan. | N37: A | O37: =IF(J37="Ya/Tidak",IF(N37="Ya",1,IF(N37="Tidak",0,"Blm Diisi")),IF(J37="A/B/C",IF(N37="A",1,IF(N37="B",0.5,IF(N37="C",0,"Blm Diisi"))),IF(J37="A/B/C/D",IF(N37="A",1,IF(N37="B",0.67,IF(N37="C",0.33,IF(N37="D",0,"Blm Diisi")))),IF(J37="A/B/C/D/E",IF(N37="A",1,IF(N37="B",0.75,IF(N37="C",0.5,IF(N37="D",0.25,IF(N37="E",0,"Blm Diisi"))))),IF(J37="%",IF(N37="","Blm Diisi",N37),IF(J37="Jumlah",IF(N37="","Blm Diisi",""),IF(J37="Rupiah",IF(N37="","Blm Diisi",""),IF(J37="","","-")))))))) -> 1 | Q37: Tercapai, Dakung yang diminta sudah lengkap | R37: =Jawaban!R37 -> b. Penempatan pegawai hasil rekrutmen murni mengacu kepada kebutuhan pegawai yang telah disusun per jabatan. | S37: =Jawaban!S37 -> 0 | T37: =Jawaban!T37 -> 0 | U37: =Jawaban!U37 -> 0 | V37: =Jawaban!V37 -> 0
A38: 39 | F38: c. | G38: Telah dilakukan monitoring dan dan evaluasi terhadap penempatan pegawai rekrutmen untuk memenuhi kebutuhan jabatan dalam organisasi telah memberikan perbaikan terhadap kinerja unit kerja. | I38: Ya, jika sudah dilakukan monitoring dan evaluasi terhadap penempatan pegawai hasil rekrutmen untuk memenuhi kebutuhan jabatan dalam organisasi telah memberikan perbaikan terhadap kinerja unit kerja. | J38: Ya/Tidak | K38: =Jawaban!K38 -> Ya | L38: =Jawaban!L38 -> 0 | M38: Dokumen kegiatan monitoring dan evaluasi tentang penempatan pegawai terhadap kinerja unit: 1. Undangan; 2. Daftar hadir; 3. Notula dan dokumentasi foto; 4. Laporan hasil monitoring dan evaluasi tentang penempatan pegawai terhadap kinerja unit. | N38: Ya | O38: =IF(J38="Ya/Tidak",IF(N38="Ya",1,IF(N38="Tidak",0,"Blm Diisi")),IF(J38="A/B/C",IF(N38="A",1,IF(N38="B",0.5,IF(N38="C",0,"Blm Diisi"))),IF(J38="A/B/C/D",IF(N38="A",1,IF(N38="B",0.67,IF(N38="C",0.33,IF(N38="D",0,"Blm Diisi")))),IF(J38="A/B/C/D/E",IF(N38="A",1,IF(N38="B",0.75,IF(N38="C",0.5,IF(N38="D",0.25,IF(N38="E",0,"Blm Diisi"))))),IF(J38="%",IF(N38="","Blm Diisi",N38),IF(J38="Jumlah",IF(N38="","Blm Diisi",""),IF(J38="Rupiah",IF(N38="","Blm Diisi",""),IF(J38="","","-")))))))) -> 1 | Q38: Tercapai, Dakung yang diminta sudah lengkap | R38: =Jawaban!R38 -> c. Telah dilakukan monitoring dan dan evaluasi terhadap penempatan pegawai rekrutmen untuk memenuhi kebutuhan jabatan dalam organisasi telah memberikan perbaikan terhadap kinerja unit kerja. | S38: =Jawaban!S38 -> 0 | T38: =Jawaban!T38 -> 0 | U38: =Jawaban!U38 -> 0 | V38: =Jawaban!V38 -> 0
A39: 40 | E39: ii. | F39: Pola Mutasi Internal | H39: 0.5 | K39: =Jawaban!K39 -> 0 | L39: =Jawaban!L39 -> 0 | O39: =AVERAGE(O40:O42)*H39 -> 0.5 | P39: =O39/H39 -> 1 | R39: =Jawaban!R39 -> 0 | S39: =Jawaban!S39 -> 0 | T39: =Jawaban!T39 -> 0 | U39: =Jawaban!U39 -> 0 | V39: =Jawaban!V39 -> 0
A40: 41 | F40: a. | G40: Dalam melakukan pengembangan karier pegawai, telah dilakukan mutasi pegawai antar jabatan. | I40: Ya, jika dilakukan mutasi pegawai antar jabatan sebagai wujud dari pengembangan karier pegawai. | J40: Ya/Tidak | K40: =Jawaban!K40 -> Ya | L40: =Jawaban!L40 -> 0 | M40: 1. Dokumen rapat pembahasan mutasi/rotasi antar jabatan berupa undangan, daftar hadir, dokumentasi dan notula yang memuat upaya pengembangan karir sebagai dasar pertimbangan mutasi/rotasi. Format dokumen disesuaikan dengan Keputusan Menteri Imigrasi dan Pemasyarakatan Nomor M.IP-10.HK.03. 02 Tahun 2025. 2. SK mutasi/rotasi atau surat usulan mutasi/rotasi dari UPT, Kanwil dan/atau Unit Utama. 3. Daftar Riwayat Pekerjaan/ Hidup (DRP/DRH). Keterangan: Jika terdapat perubahan diupdate pada triwulan berikutnya. | N40: Ya | O40: =IF(J40="Ya/Tidak",IF(N40="Ya",1,IF(N40="Tidak",0,"Blm Diisi")),IF(J40="A/B/C",IF(N40="A",1,IF(N40="B",0.5,IF(N40="C",0,"Blm Diisi"))),IF(J40="A/B/C/D",IF(N40="A",1,IF(N40="B",0.67,IF(N40="C",0.33,IF(N40="D",0,"Blm Diisi")))),IF(J40="A/B/C/D/E",IF(N40="A",1,IF(N40="B",0.75,IF(N40="C",0.5,IF(N40="D",0.25,IF(N40="E",0,"Blm Diisi"))))),IF(J40="%",IF(N40="","Blm Diisi",N40),IF(J40="Jumlah",IF(N40="","Blm Diisi",""),IF(J40="Rupiah",IF(N40="","Blm Diisi",""),IF(J40="","","-")))))))) -> 1 | Q40: Tercapai, Dakung yang diminta sudah lengkap | R40: =Jawaban!R40 -> a. Dalam melakukan pengembangan karier pegawai, telah dilakukan mutasi pegawai antar jabatan. | S40: =Jawaban!S40 -> 0 | T40: =Jawaban!T40 -> 0 | U40: =Jawaban!U40 -> 0 | V40: =Jawaban!V40 -> 0
A41: 42 | F41: b. | G41: Dalam melakukan mutasi pegawai antar jabatan telah memperhatikan kompetensi jabatan dan mengikuti pola mutasi yang telah ditetapkan. | I41: a. Jika semua mutasi pegawai antar jabatan telah memperhatikan kompetensi jabatan dan mengikuti pola mutasi yang telah ditetapkan organisasi dan juga unit kerja memberikan pertimbangan terkait hal ini. b. Jika semua mutasi pegawai antar jabatan telah memperhatikan kompetensi jabatan dan mengikuti pola mutasi yang telah ditetapkan organisasi. c. Jika sebagian besar mutasi pegawai antar jabatan telah memperhatikan kompetensi jabatan dan mengikuti pola mutasi yang telah ditetapkan organisasi. d. Jika sebagian kecil semua mutasi pegawai antar jabatan telah memperhatikan kompetensi jabatan dan mengikuti pola mutasi yang telah ditetapkan organisasi. e. Jika mutasi pegawai antar jabatan belum memperhatikan kompetensi jabatan dan mengikuti pola mutasi yang telah ditetapkan organisasi. | J41: A/B/C/D/E | K41: =Jawaban!K41 -> A | L41: =Jawaban!L41 -> 0 | M41: 1. Dokumen rapat pembahasan mutasi/rotasi antar jabatan berupa undangan, daftar hadir, dokumentasi dan notula yang memuat kompetensi jabatan dan pola mutasi sebagai dasar pertimbangan mutasi/rotasi. Format dokumen disesuaikan dengan Keputusan Menteri Imigrasi dan Pemasyarakatan Nomor M.IP-10.HK.03.02 Tahun 2025. 2. SK mutasi/rotasi atau surat usulan mutasi/rotasi dari UPT, Kanwil dan/atau Unit Utama. 3. Daftar Riwayat Pekerjaan/ Hidup (DRP/DRH). 4. Dokumen Hasil Profile Assesment. Keterangan: Jika terdapat perubahan diupdate pada triwulan berikutnya. | N41: A | O41: =IF(J41="Ya/Tidak",IF(N41="Ya",1,IF(N41="Tidak",0,"Blm Diisi")),IF(J41="A/B/C",IF(N41="A",1,IF(N41="B",0.5,IF(N41="C",0,"Blm Diisi"))),IF(J41="A/B/C/D",IF(N41="A",1,IF(N41="B",0.67,IF(N41="C",0.33,IF(N41="D",0,"Blm Diisi")))),IF(J41="A/B/C/D/E",IF(N41="A",1,IF(N41="B",0.75,IF(N41="C",0.5,IF(N41="D",0.25,IF(N41="E",0,"Blm Diisi"))))),IF(J41="%",IF(N41="","Blm Diisi",N41),IF(J41="Jumlah",IF(N41="","Blm Diisi",""),IF(J41="Rupiah",IF(N41="","Blm Diisi",""),IF(J41="","","-")))))))) -> 1 | Q41: Tercapai, Dakung yang diminta sudah lengkap | R41: =Jawaban!R41 -> b. Dalam melakukan mutasi pegawai antar jabatan telah memperhatikan kompetensi jabatan dan mengikuti pola mutasi yang telah ditetapkan. | S41: =Jawaban!S41 -> 0 | T41: =Jawaban!T41 -> 0 | U41: =Jawaban!U41 -> 0 | V41: =Jawaban!V41 -> 0
A42: 43 | F42: c. | G42: Telah dilakukan monitoring dan evaluasi terhadap kegiatan mutasi yang telah dilakukan dalam kaitannya dengan perbaikan kinerja. | I42: Ya, jika sudah dilakukan monitoring dan evaluasi terhadap kegiatan mutasi yang telah dilakukan dalam kaitannya dengan perbaikan kinerja. | J42: Ya/Tidak | K42: =Jawaban!K42 -> Ya | L42: =Jawaban!L42 -> 0 | M42: Dokumen kegiatan monitoring dan evaluasi tentang pengaruh mutasi pegawai terhadap kinerja unit berupa: 1. Undangan; 2. Daftar hadir; 3. Notula dan dokumentasi foto; 4. Laporan hasil monitoring dan evaluasi atas kegiatan mutasi yang telah dilakukan dikaitkan dengan perbaikan kinerja. Format dokumen disesuaikan dengan Keputusan Menteri Imigrasi dan Pemasyarakatan Nomor M.IP-10.HK.03.02 Tahun 2025. | N42: Ya | O42: =IF(J42="Ya/Tidak",IF(N42="Ya",1,IF(N42="Tidak",0,"Blm Diisi")),IF(J42="A/B/C",IF(N42="A",1,IF(N42="B",0.5,IF(N42="C",0,"Blm Diisi"))),IF(J42="A/B/C/D",IF(N42="A",1,IF(N42="B",0.67,IF(N42="C",0.33,IF(N42="D",0,"Blm Diisi")))),IF(J42="A/B/C/D/E",IF(N42="A",1,IF(N42="B",0.75,IF(N42="C",0.5,IF(N42="D",0.25,IF(N42="E",0,"Blm Diisi"))))),IF(J42="%",IF(N42="","Blm Diisi",N42),IF(J42="Jumlah",IF(N42="","Blm Diisi",""),IF(J42="Rupiah",IF(N42="","Blm Diisi",""),IF(J42="","","-")))))))) -> 1 | Q42: Tercapai, Dakung yang diminta sudah lengkap | R42: =Jawaban!R42 -> c. Telah dilakukan monitoring dan evaluasi terhadap kegiatan mutasi yang telah dilakukan dalam kaitannya dengan perbaikan kinerja. | S42: =Jawaban!S42 -> 0 | T42: =Jawaban!T42 -> 0 | U42: =Jawaban!U42 -> 0 | V42: =Jawaban!V42 -> 0
A43: 44 | E43: iii. | F43: Pengembangan Pegawai Berbasis Kompetensi | H43: 1.25 | K43: =Jawaban!K43 -> 0 | L43: =Jawaban!L43 -> 0 | O43: =AVERAGE(O44:O49)*H43 -> 1.25 | P43: =O43/H43 -> 1 | R43: =Jawaban!R43 -> 0 | S43: =Jawaban!S43 -> 0 | T43: =Jawaban!T43 -> 0 | U43: =Jawaban!U43 -> 0 | V43: =Jawaban!V43 -> 0
A44: 45 | F44: a. | G44: Unit Kerja melakukan Training Need Analysis Untuk pengembangan kompetensi. | I44: Ya, jika sudah dilakukan Training Need Analysis Untuk pengembangan kompetensi. | J44: Ya/Tidak | K44: =Jawaban!K44 -> Ya | L44: =Jawaban!L44 -> 0 | M44: 1. Dokumen Rencana Pengembangan Sumber Daya Manusia Aparatur yang disahkan oleh Sekretaris Jenderal yang sekurangnya memuat: a. Analisis ketercapaian sasaran dan target kinerja (Organizational Analysis); b. Analisis kesesuaian pelaksanaan tugas dan fungsi tiap pejabat/pegawai dalam rangka pencapaian sasaran dan target kinerja (Task Analysis); c. Analisis kesesuaian dan kesenjangan kompetensi pejabat/pegawai dibandingkan dengan standar kompetensi yang telah ditetapkan sesuai tugas dan fungsinya (Person Analysis); d. Kesimpulan; e. Rekomendasi yang berisi kebutuhan pendidikan atau pelatihan berdasarkan hasil analisis. Bentuk pendidikan atau pelatihan yang direkomendasikan mengacu pada Peraturan Lembaga Administrasi Negara RI Nomor 10 Tahun 2018 tentang Pedoman Pengembangan Kompetensi Pegawai Negeri Sipil. (Dokumen diperoleh dari Biro SDMA, Organisasi dan Ketatalaksanaan). 2. - Untuk UPT: Dokumen inventarisasi kebutuhan pengembangan kompetensi yang ditandatangani oleh Kepala Satuan Kerja, yang disampaikan kepada Kepala Kantor Wilayah dan Sekretariat Jenderal. - Untuk Kanwil dan Unit Eselon I: Dokumen inventarisasi kebutuhan pengembangan kompetensi yang ditandatangani oleh Kepala Satuan Kerja, yang disampaikan kepada Sekretariat Jenderal. | N44: Ya | O44: =IF(J44="Ya/Tidak",IF(N44="Ya",1,IF(N44="Tidak",0,"Blm Diisi")),IF(J44="A/B/C",IF(N44="A",1,IF(N44="B",0.5,IF(N44="C",0,"Blm Diisi"))),IF(J44="A/B/C/D",IF(N44="A",1,IF(N44="B",0.67,IF(N44="C",0.33,IF(N44="D",0,"Blm Diisi")))),IF(J44="A/B/C/D/E",IF(N44="A",1,IF(N44="B",0.75,IF(N44="C",0.5,IF(N44="D",0.25,IF(N44="E",0,"Blm Diisi"))))),IF(J44="%",IF(N44="","Blm Diisi",N44),IF(J44="Jumlah",IF(N44="","Blm Diisi",""),IF(J44="Rupiah",IF(N44="","Blm Diisi",""),IF(J44="","","-")))))))) -> 1 | Q44: Tercapai, Dakung yang diminta sudah lengkap | R44: =Jawaban!R44 -> a. Unit Kerja melakukan Training Need Analysis Untuk pengembangan kompetensi. | S44: =Jawaban!S44 -> 0 | T44: =Jawaban!T44 -> 0 | U44: =Jawaban!U44 -> 0 | V44: =Jawaban!V44 -> 0
A45: 46 | F45: b. | G45: Dalam menyusun rencana pengembangan kompetensi pegawai, telah mempertimbangkan hasil pengelolaan kinerja pegawai. | I45: a. Jika semua rencana pengembangan kompetensi pegawai mempertimbangkan hasil pengelolaan kinerja pegawai. b. Jika sebagian besar rencana pengembangan kompetensi pegawai mempertimbangkan hasil pengelolaan kinerja pegawai. c. Jika sebagian kecil rencana pengembangan kompetensi pegawai mempertimbangkan hasil pengelolaan kinerja pegawai. d. Jika belum ada rencana pengembangan kompetensi pegawai yang mempertimbangkan hasil pengelolaan kinerja pegawai. | J45: A/B/C/D | K45: =Jawaban!K45 -> A | L45: =Jawaban!L45 -> 0 | M45: Dokumen Rencana Pengembangan Sumber Daya Manusia Aparatur yang disahkan oleh Sekretaris Jenderal yang sekurangnya memuat: 1. Analisis ketercapaian sasaran dan target kinerja (Organizational Analysis); 2. Analisis kesesuaian pelaksanaan tugas dan fungsi tiap pejabat/pegawai dalam rangka pencapaian sasaran dan target kinerja (Task Analysis); 3. Analisis kesesuaian dan kesenjangan kompetensi pejabat/pegawai dibandingkan dengan standar kompetensi yang telah ditetapkan sesuai tugas dan fungsinya (Person Analysis); 4. Kesimpulan; 5. Rekomendasi yang berisi kebutuhan pendidikan atau pelatihan berdasarkan hasil analisis. Bentuk pendidikan atau pelatihan yang direkomendasikan mengacu pada Peraturan Lembaga Administrasi Negara RI Nomor 10 Tahun 2018 tentang Pedoman Pengembangan Kompetensi Pegawai Negeri Sipil. (Dokumen diperoleh dari Biro Sumber Daya Manusia Aparatur, Organisasi dan Ketatalaksanaan). | N45: A | O45: =IF(J45="Ya/Tidak",IF(N45="Ya",1,IF(N45="Tidak",0,"Blm Diisi")),IF(J45="A/B/C",IF(N45="A",1,IF(N45="B",0.5,IF(N45="C",0,"Blm Diisi"))),IF(J45="A/B/C/D",IF(N45="A",1,IF(N45="B",0.67,IF(N45="C",0.33,IF(N45="D",0,"Blm Diisi")))),IF(J45="A/B/C/D/E",IF(N45="A",1,IF(N45="B",0.75,IF(N45="C",0.5,IF(N45="D",0.25,IF(N45="E",0,"Blm Diisi"))))),IF(J45="%",IF(N45="","Blm Diisi",N45),IF(J45="Jumlah",IF(N45="","Blm Diisi",""),IF(J45="Rupiah",IF(N45="","Blm Diisi",""),IF(J45="","","-")))))))) -> 1 | Q45: Tercapai, Dakung yang diminta sudah lengkap | R45: =Jawaban!R45 -> b. Dalam menyusun rencana pengembangan kompetensi pegawai, telah mempertimbangkan hasil pengelolaan kinerja pegawai. | S45: =Jawaban!S45 -> 0 | T45: =Jawaban!T45 -> 0 | U45: =Jawaban!U45 -> 0 | V45: =Jawaban!V45 -> 0
A46: 47 | F46: c. | G46: Tingkat kesenjangan kompetensi pegawai yang ada dengan standar kompetensi yang ditetapkan untuk masing-masing jabatan. | I46: a. Jika persentase kesenjangan kompetensi pegawai dengan standar kompetensi yang ditetapkan sebesar <25%. b. Jika persentase kesenjangan kompetensi pegawai dengan standar kompetensi yang ditetapkan sebesar >25%-50%. c. Jika sebagian besar kompetensi pegawai dengan standar kompetensi yang ditetapkan untuk masing-masing jabatan >50% -75%. d. Jika persentase kesenjangan kompetensi pegawai dengan standar kompetensi yang ditetapkan sebesar >75%-100%. | J46: A/B/C/D | K46: =Jawaban!K46 -> A | L46: =Jawaban!L46 -> 0 | M46: Laporan Analisa Pemetaan Kesenjangan Kompetensi Pegawai yang memuat data seluruh pegawai dibandingkan dengan data hasil penilaian kompetensi pegawai dengan standar kompetensi jabatan disertai lampiran data hasil uji kompetensi pada STAR ASN. | N46: A | O46: =IF(J46="Ya/Tidak",IF(N46="Ya",1,IF(N46="Tidak",0,"Blm Diisi")),IF(J46="A/B/C",IF(N46="A",1,IF(N46="B",0.5,IF(N46="C",0,"Blm Diisi"))),IF(J46="A/B/C/D",IF(N46="A",1,IF(N46="B",0.67,IF(N46="C",0.33,IF(N46="D",0,"Blm Diisi")))),IF(J46="A/B/C/D/E",IF(N46="A",1,IF(N46="B",0.75,IF(N46="C",0.5,IF(N46="D",0.25,IF(N46="E",0,"Blm Diisi"))))),IF(J46="%",IF(N46="","Blm Diisi",N46),IF(J46="Jumlah",IF(N46="","Blm Diisi",""),IF(J46="Rupiah",IF(N46="","Blm Diisi",""),IF(J46="","","-")))))))) -> 1 | Q46: Tercapai, Dakung yang diminta sudah lengkap | R46: =Jawaban!R46 -> c. Tingkat kesenjangan kompetensi pegawai yang ada dengan standar kompetensi yang ditetapkan untuk masing-masing jabatan. | S46: =Jawaban!S46 -> 0 | T46: =Jawaban!T46 -> 0 | U46: =Jawaban!U46 -> 0 | V46: =Jawaban!V46 -> 0
A47: 48 | F47: d. | G47: Pegawai di Unit Kerja telah memperoleh kesempatan/hak untuk mengikuti diklat maupun pengembangan kompetensi lainnya. | I47: a. Jika seluruh pegawai di Unit Kerja telah memperoleh kesempatan/hak untuk mengikuti diklat maupun pengembangan kompetensi lainnya. b. Jika sebagian besar pegawai di Unit Kerja telah memperoleh kesempatan/hak untuk mengikuti diklat maupun pengembangan kompetensi lainnya. c. Jika sebagian kecil pegawai di Unit Kerja telah memperoleh kesempatan/hak untuk mengikuti diklat maupun pengembangan kompetensi lainnya. d. Jika belum ada pegawai di Unit Kerja telah memperoleh kesempatan/hak untuk mengikuti diklat maupun pengembangan kompetensi lainnya. | J47: A/B/C/D | K47: =Jawaban!K47 -> A | L47: =Jawaban!L47 -> 0 | M47: 1. Rekapitulasi data seluruh pegawai yang telah mengikuti pendidikan dan pelatihan, coaching, mentoring, bimbingan teknis, sosialisasi, training atau pengembangan kompetensi lainnya dengan mengacu pada Lampiran Peraturan Lembaga Administrasi Negara Nomor 10 Tahun 2018 tentang Pengembangan Kompetensi Pegawai Negeri Sipil. 2. Sertifikat/ Piagam/ Surat Keterangan yang menerangkan keikutsertaan pengembangan kompetensi berdasarkan rekapitulasi data seluruh pegawai yang telah mengikuti pengembangan kompetensi. | N47: A | O47: =IF(J47="Ya/Tidak",IF(N47="Ya",1,IF(N47="Tidak",0,"Blm Diisi")),IF(J47="A/B/C",IF(N47="A",1,IF(N47="B",0.5,IF(N47="C",0,"Blm Diisi"))),IF(J47="A/B/C/D",IF(N47="A",1,IF(N47="B",0.67,IF(N47="C",0.33,IF(N47="D",0,"Blm Diisi")))),IF(J47="A/B/C/D/E",IF(N47="A",1,IF(N47="B",0.75,IF(N47="C",0.5,IF(N47="D",0.25,IF(N47="E",0,"Blm Diisi"))))),IF(J47="%",IF(N47="","Blm Diisi",N47),IF(J47="Jumlah",IF(N47="","Blm Diisi",""),IF(J47="Rupiah",IF(N47="","Blm Diisi",""),IF(J47="","","-")))))))) -> 1 | Q47: Tercapai, Dakung yang diminta sudah lengkap | R47: =Jawaban!R47 -> d. Pegawai di Unit Kerja telah memperoleh kesempatan/hak untuk mengikuti diklat maupun pengembangan kompetensi lainnya. | S47: =Jawaban!S47 -> 0 | T47: =Jawaban!T47 -> 0 | U47: =Jawaban!U47 -> 0 | V47: =Jawaban!V47 -> 0
A48: 49 | F48: e. | G48: Dalam pelaksanaan pengembangan kompetensi, unit kerja melakukan upaya pengembangan kompetensi kepada pegawai (seperti pengikutsertaan pada lembaga pelatihan, in-house training, coaching, atau mentoring). | I48: a. Jika unit kerja melakukan upaya pengembangan kompetensi kepada seluruh pegawai. b. Jika unit kerja melakukan upaya pengembangan kompetensi kepada sebagian besar pegawai. c. Jika unit kerja melakukan upaya pengembangan kompetensi kepada sebagian kecil pegawai. d. Jika unit kerja belum melakukan upaya pengembangan kompetensi kepada pegawai. | J48: A/B/C/D | K48: =Jawaban!K48 -> A | L48: =Jawaban!L48 -> 0 | M48: 1. Dokumen kegiatan seperti pengikutsertaan pada lembaga pelatihan, in house training, pelatihan, mentoring atau kegiatan yang bersifat pengembangan kompetensi, yang dilakukan oleh Pegawai atau Pejabat yang telah mengikuti pengembangan kompetensi (dengan mengacu pada Lampiran PerkaLAN Nomor 10 Tahun 2018 Tentang Pengembangan Kompetensi PNS) di Lingkungan Satuan Kerja itu sendiri berupa: a. Undangan/Surat Perintah/SK Kepala Satuan Kerja; b. Daftar hadir; c. Laporan kegiatan; d. Print out materi; e. Dokumentasi foto. Format dokumen mengacu pada ketentuan yang berlaku di lingkungan KemenIMIPAS yang mengatur mengenai tata naskah dinas; 2. Rekapitulasi pengembangan kompetensi pegawai. Keterangan: Jika terdapat update data diunggah pada triwulan berikutnya jika tidak menggunakan data triwulan sebelumnya. | N48: A | O48: =IF(J48="Ya/Tidak",IF(N48="Ya",1,IF(N48="Tidak",0,"Blm Diisi")),IF(J48="A/B/C",IF(N48="A",1,IF(N48="B",0.5,IF(N48="C",0,"Blm Diisi"))),IF(J48="A/B/C/D",IF(N48="A",1,IF(N48="B",0.67,IF(N48="C",0.33,IF(N48="D",0,"Blm Diisi")))),IF(J48="A/B/C/D/E",IF(N48="A",1,IF(N48="B",0.75,IF(N48="C",0.5,IF(N48="D",0.25,IF(N48="E",0,"Blm Diisi"))))),IF(J48="%",IF(N48="","Blm Diisi",N48),IF(J48="Jumlah",IF(N48="","Blm Diisi",""),IF(J48="Rupiah",IF(N48="","Blm Diisi",""),IF(J48="","","-")))))))) -> 1 | Q48: Tercapai, Dakung yang diminta sudah lengkap | R48: =Jawaban!R48 -> e. Dalam pelaksanaan pengembangan kompetensi, unit kerja melakukan upaya pengembangan kompetensi kepada pegawai (seperti pengikutsertaan pada lembaga pelatihan, in-house training, coaching, atau mentoring). | S48: =Jawaban!S48 -> 0 | T48: =Jawaban!T48 -> 0 | U48: =Jawaban!U48 -> 0 | V48: =Jawaban!V48 -> 0
A49: 50 | F49: f. | G49: Telah dilakukan monitoring dan evaluasi terhadap hasil pengembangan kompetensi dalam kaitannya dengan perbaikan kinerja. | I49: a. Jika monitoring dan evaluasi terhadap hasil pengembangan kompetensi dalam kaitannya dengan perbaikan kinerja telah dilakukan secara berkala. b. Jika monitoring dan evaluasi terhadap hasil pengembangan kompetensi dalam kaitannya dengan perbaikan kinerja telah dilakukan namun tidak secara berkala. c. Jika monitoring dan evaluasi terhadap hasil pengembangan kompetensi dalam kaitannya dengan perbaikan kinerja belum dilakukan. | J49: A/B/C | K49: =Jawaban!K49 -> A | L49: =Jawaban!L49 -> 0 | M49: 1. Dokumen laporan hasil monitoring dan evaluasi terhadap hasil pengembangan kompetensi dalam kaitannya dengan perbaikan kinerja. Laporan Monev Tahunan 2. Dokumen laporan monitoring dan evaluasi kegiatan pengembangan kompetensi yang didapatkan dari BPSDM melalui Biro Perencanaan dan Keuangan Keterangan: Apabila belum tersedia data dukung poin 2, maka dipenuhi dengan Surat Pernyataan Kepala Biro Perencanaan dan Keuangan | N49: A | O49: =IF(J49="Ya/Tidak",IF(N49="Ya",1,IF(N49="Tidak",0,"Blm Diisi")),IF(J49="A/B/C",IF(N49="A",1,IF(N49="B",0.5,IF(N49="C",0,"Blm Diisi"))),IF(J49="A/B/C/D",IF(N49="A",1,IF(N49="B",0.67,IF(N49="C",0.33,IF(N49="D",0,"Blm Diisi")))),IF(J49="A/B/C/D/E",IF(N49="A",1,IF(N49="B",0.75,IF(N49="C",0.5,IF(N49="D",0.25,IF(N49="E",0,"Blm Diisi"))))),IF(J49="%",IF(N49="","Blm Diisi",N49),IF(J49="Jumlah",IF(N49="","Blm Diisi",""),IF(J49="Rupiah",IF(N49="","Blm Diisi",""),IF(J49="","","-")))))))) -> 1 | Q49: Tercapai, Dakung yang diminta sudah lengkap | R49: =Jawaban!R49 -> f. Telah dilakukan monitoring dan evaluasi terhadap hasil pengembangan kompetensi dalam kaitannya dengan perbaikan kinerja. | S49: =Jawaban!S49 -> 0 | T49: =Jawaban!T49 -> 0 | U49: =Jawaban!U49 -> 0 | V49: =Jawaban!V49 -> 0
A50: 51 | E50: iv. | F50: Penetapan Kinerja Individu | H50: 2 | K50: =Jawaban!K50 -> 0 | L50: =Jawaban!L50 -> 0 | O50: =AVERAGE(O51:O54)*H50 -> 2 | P50: =O50/H50 -> 1 | R50: =Jawaban!R50 -> 0 | S50: =Jawaban!S50 -> 0 | T50: =Jawaban!T50 -> 0 | U50: =Jawaban!U50 -> 0 | V50: =Jawaban!V50 -> 0
A51: 52 | F51: a. | G51: Terdapat penetapan kinerja individu yang terkait dengan perjanjian kinerja organisasi. | I51: a. Jika seluruh penetapan kinerja individu terkait dengan kinerja organisasi serta perjanjian kinerja selaras dengan sasaran kinerja pegawai (SKP). b. Jika sebagian besar penetapan kinerja individu terkait dengan kinerja organisasi. c. Jika sebagian kecil penetapan kinerja individu terkait dengan kinerja organisasi. d. Jika belum ada penetapan kinerja individu terkait dengan kinerja organisasi. | J51: A/B/C/D | K51: =Jawaban!K51 -> A | L51: =Jawaban!L51 -> 0 | M51: 1. Dokumen SKP (berdasar ketentuan terbaru) 10 orang pegawai dan pejabat (secara berjenjang) yang disetujui dan ditandatangani oleh atasan langsung. 2. Dokumen Perjanjian Kinerja Kepala Satuan Kerja yang disetujui dan ditandatangani oleh atasan langsung. 3. Dokumen Perjanjian Kinerja Pejabat Struktural yang disetujui dan ditandatangani oleh Kepala Satuan Kerja. | N51: A | O51: =IF(J51="Ya/Tidak",IF(N51="Ya",1,IF(N51="Tidak",0,"Blm Diisi")),IF(J51="A/B/C",IF(N51="A",1,IF(N51="B",0.5,IF(N51="C",0,"Blm Diisi"))),IF(J51="A/B/C/D",IF(N51="A",1,IF(N51="B",0.67,IF(N51="C",0.33,IF(N51="D",0,"Blm Diisi")))),IF(J51="A/B/C/D/E",IF(N51="A",1,IF(N51="B",0.75,IF(N51="C",0.5,IF(N51="D",0.25,IF(N51="E",0,"Blm Diisi"))))),IF(J51="%",IF(N51="","Blm Diisi",N51),IF(J51="Jumlah",IF(N51="","Blm Diisi",""),IF(J51="Rupiah",IF(N51="","Blm Diisi",""),IF(J51="","","-")))))))) -> 1 | Q51: Tercapai, Dakung yang diminta sudah lengkap | R51: =Jawaban!R51 -> a. Terdapat penetapan kinerja individu yang terkait dengan perjanjian kinerja organisasi | S51: =Jawaban!S51 -> 0 | T51: =Jawaban!T51 -> 0 | U51: =Jawaban!U51 -> 0 | V51: =Jawaban!V51 -> 0
A52: 53 | F52: b. | G52: Ukuran kinerja individu telah memiliki kesesuaian dengan indikator kinerja individu level diatasnya. | I52: a. Jika seluruh ukuran kinerja individu telah memiliki kesesuaian dengan indikator kinerja individu level diatasnya serta menggambarkan logic model. b. Jika sebagian besar ukuran kinerja individu telah memiliki kesesuaian dengan indikator kinerja individu level diatasnya. c. Jika sebagian kecil ukuran kinerja individu telah memiliki kesesuaian dengan indikator kinerja individu level diatasnya. d. Jika ukuran kinerja individu belum memiliki kesesuaian dengan indikator kinerja individu level diatasnya. | J52: A/B/C/D | K52: =Jawaban!K52 -> A | L52: =Jawaban!L52 -> 0 | M52: 1. Dokumen Perjanjian Kinerja. 2. Dokumen Sasaran Kinerja Pegawai disusun secara berjenjang dari pimpinan satuan kerja sampai dengan pegawai dibawahnya. | N52: A | O52: =IF(J52="Ya/Tidak",IF(N52="Ya",1,IF(N52="Tidak",0,"Blm Diisi")),IF(J52="A/B/C",IF(N52="A",1,IF(N52="B",0.5,IF(N52="C",0,"Blm Diisi"))),IF(J52="A/B/C/D",IF(N52="A",1,IF(N52="B",0.67,IF(N52="C",0.33,IF(N52="D",0,"Blm Diisi")))),IF(J52="A/B/C/D/E",IF(N52="A",1,IF(N52="B",0.75,IF(N52="C",0.5,IF(N52="D",0.25,IF(N52="E",0,"Blm Diisi"))))),IF(J52="%",IF(N52="","Blm Diisi",N52),IF(J52="Jumlah",IF(N52="","Blm Diisi",""),IF(J52="Rupiah",IF(N52="","Blm Diisi",""),IF(J52="","","-")))))))) -> 1 | Q52: Tercapai, Dakung yang diminta sudah lengkap | R52: =Jawaban!R52 -> b. Ukuran kinerja individu telah memiliki kesesuaian dengan indikator kinerja individu level diatasnya. | S52: =Jawaban!S52 -> 0 | T52: =Jawaban!T52 -> 0 | U52: =Jawaban!U52 -> 0 | V52: =Jawaban!V52 -> 0
A53: 54 | F53: c. | G53: Pengukuran kinerja individu dilakukan secara periodik. | I53: a. Jika pengukuran kinerja individu dilakukan secara bulanan. b. Jika pengukuran kinerja individu dilakukan secara triwulanan. c. Jika pengukuran kinerja individu dilakukan secara semesteran. d. Jika pengukuran kinerja individu dilakukan secara tahunan. e. Jika pengukuran kinerja individu belum dilakukan. | J53: A/B/C/D/E | K53: =Jawaban!K53 -> A | L53: =Jawaban!L53 -> 0 | M53: 1. Dokumen Umpan Balik Kinerja Pegawai setiap bulan; 2. Jurnal harian pegawai berdasarkan cascading pada SKP yang diakumulasikan selama satu bulan; 3. Penilaian SKP per triwulan. | N53: A | O53: =IF(J53="Ya/Tidak",IF(N53="Ya",1,IF(N53="Tidak",0,"Blm Diisi")),IF(J53="A/B/C",IF(N53="A",1,IF(N53="B",0.5,IF(N53="C",0,"Blm Diisi"))),IF(J53="A/B/C/D",IF(N53="A",1,IF(N53="B",0.67,IF(N53="C",0.33,IF(N53="D",0,"Blm Diisi")))),IF(J53="A/B/C/D/E",IF(N53="A",1,IF(N53="B",0.75,IF(N53="C",0.5,IF(N53="D",0.25,IF(N53="E",0,"Blm Diisi"))))),IF(J53="%",IF(N53="","Blm Diisi",N53),IF(J53="Jumlah",IF(N53="","Blm Diisi",""),IF(J53="Rupiah",IF(N53="","Blm Diisi",""),IF(J53="","","-")))))))) -> 1 | Q53: Tercapai, Dakung yang diminta sudah lengkap | R53: =Jawaban!R53 -> c. Pengukuran kinerja individu dilakukan secara periodik. | S53: =Jawaban!S53 -> 0 | T53: =Jawaban!T53 -> 0 | U53: =Jawaban!U53 -> 0 | V53: =Jawaban!V53 -> 0
A54: 55 | F54: d. | G54: Hasil penilaian kinerja individu telah dijadikan dasar untuk pemberian reward. | I54: Ya, jika hasil hasil penilaian kinerja individu telah dijadikan dasar untuk pemberian reward. (Seperti: pengembangan karir individu, atau penghargaan) | J54: Ya/Tidak | K54: =Jawaban!K54 -> Ya | L54: =Jawaban!L54 -> 0 | M54: 1. Dokumentasi kegiatan rapat pemberian reward berdasarkan hasil penilaian kinerja individu berupa undangan, daftar hadir, dokumentasi foto dan notula. 2. Surat Keputusan Kepala Satuan Kerja tentang pemberian reward kepada pegawai/pejabat berdasarkan hasil penilaian kinerja individu dan dokumentasi foto simbolis penyerahan reward. | N54: Ya | O54: =IF(J54="Ya/Tidak",IF(N54="Ya",1,IF(N54="Tidak",0,"Blm Diisi")),IF(J54="A/B/C",IF(N54="A",1,IF(N54="B",0.5,IF(N54="C",0,"Blm Diisi"))),IF(J54="A/B/C/D",IF(N54="A",1,IF(N54="B",0.67,IF(N54="C",0.33,IF(N54="D",0,"Blm Diisi")))),IF(J54="A/B/C/D/E",IF(N54="A",1,IF(N54="B",0.75,IF(N54="C",0.5,IF(N54="D",0.25,IF(N54="E",0,"Blm Diisi"))))),IF(J54="%",IF(N54="","Blm Diisi",N54),IF(J54="Jumlah",IF(N54="","Blm Diisi",""),IF(J54="Rupiah",IF(N54="","Blm Diisi",""),IF(J54="","","-")))))))) -> 1 | Q54: Tercapai, Dakung yang diminta sudah lengkap | R54: =Jawaban!R54 -> d. Hasil penilaian kinerja individu telah dijadikan dasar untuk pemberian reward. | S54: =Jawaban!S54 -> 0 | T54: =Jawaban!T54 -> 0 | U54: =Jawaban!U54 -> 0 | V54: =Jawaban!V54 -> 0
A55: 56 | E55: v. | F55: Penegakan Aturan Disiplin/Kode Etik/Kode Perilaku Pegawai | H55: 0.75 | K55: =Jawaban!K55 -> 0 | L55: =Jawaban!L55 -> 0 | O55: =AVERAGE(O56)*H55 -> 0.75 | P55: =O55/H55 -> 1 | R55: =Jawaban!R55 -> 0 | S55: =Jawaban!S55 -> 0 | T55: =Jawaban!T55 -> 0 | U55: =Jawaban!U55 -> 0 | V55: =Jawaban!V55 -> 0
A56: 57 | F56: a. | G56: Aturan disiplin/kode etik/kode perilaku telah dilaksanakan/ diimplementasikan. | I56: a. Jika unit kerja telah mengimplementasikan seluruh aturan disiplin/kode etik/kode perilaku yang ditetapkan organisasi dan juga membuat inovasi terkait aturan disiplin/kode etik/kode perilaku yang sesuai dengan karakteristik unit kerja. b. Jika unit kerja telah mengimplementasikan seluruh aturan disiplin/kode etik/kode perilaku yang ditetapkan organisasi. c. Jika unit kerja telah mengimplementasikan sebagian aturan disiplin/kode etik/kode perilaku yang ditetapkan organisasi. d. Jika unit kerja belum mengimplementasikan aturan disiplin/kode etik/kode perilaku yang ditetapkan organisasi. | J56: A/B/C/D | K56: =Jawaban!K56 -> A | L56: =Jawaban!L56 -> 0 | M56: 1. Laporan implementasi inovasi terkait aturan disiplin/kode etik/kode perilaku pada satuan kerja (jika ada). B03: 1. Permenkumham Nomor 20 Tahun 2017 tentang Kode Etik dan Perilaku Pegawai Kementerian Hukum dan HAM RI. 2. Kode Etik dan Kode Perilaku Unit Kerja yang memiliki karakteristik khusus (Permenkumham Nomor M.HH-16.KP. 05.02 Tahun 2011 untuk Pegawai Pemasyarakatan dan Permenkumham Nomor M.HH-02.KP.05.02 Tahun 2010 untuk Pegawai Imigrasi). 3. Dokumen sosialisasi kode etik dan kode perilaku pegawai berupa undangan, daftar hadir, laporan, dokumentasi foto. B03, B06, B09, B12: 1. Laporan Pelaksanaan Penegakan kode etik pada satuan kerja | N56: A | O56: =IF(J56="Ya/Tidak",IF(N56="Ya",1,IF(N56="Tidak",0,"Blm Diisi")),IF(J56="A/B/C",IF(N56="A",1,IF(N56="B",0.5,IF(N56="C",0,"Blm Diisi"))),IF(J56="A/B/C/D",IF(N56="A",1,IF(N56="B",0.67,IF(N56="C",0.33,IF(N56="D",0,"Blm Diisi")))),IF(J56="A/B/C/D/E",IF(N56="A",1,IF(N56="B",0.75,IF(N56="C",0.5,IF(N56="D",0.25,IF(N56="E",0,"Blm Diisi"))))),IF(J56="%",IF(N56="","Blm Diisi",N56),IF(J56="Jumlah",IF(N56="","Blm Diisi",""),IF(J56="Rupiah",IF(N56="","Blm Diisi",""),IF(J56="","","-")))))))) -> 1 | Q56: Tercapai, Dakung yang diminta sudah lengkap | R56: =Jawaban!R56 -> a. "Aturan disiplin/kode etik/kode perilaku telah dilaksanakan/ diimplementasikan." | S56: =Jawaban!S56 -> 0 | T56: =Jawaban!T56 -> 0 | U56: =Jawaban!U56 -> 0 | V56: =Jawaban!V56 -> 0
A57: 58 | E57: vi. | F57: Sistem Informasi Kepegawaian | H57: 0.25 | K57: =Jawaban!K57 -> 0 | L57: =Jawaban!L57 -> 0 | O57: =AVERAGE(O58)*H57 -> 0.25 | P57: =O57/H57 -> 1 | R57: =Jawaban!R57 -> 0 | S57: =Jawaban!S57 -> 0 | T57: =Jawaban!T57 -> 0 | U57: =Jawaban!U57 -> 0 | V57: =Jawaban!V57 -> 0
A58: 59 | F58: a. | G58: Data informasi kepegawaian unit kerja telah dimutakhirkan secara berkala. | I58: a. Jika data informasi kepegawaian unit kerja dapat diakses oleh pegawai dan dimutakhirkan setiap ada perubahan data pegawai. b. Jika data informasi kepegawaian unit kerja dapat diakses oleh pegawai dan dimutakhirkan namun secara berkala. c. Jika data informasi kepegawaian unit kerja belum dimutakhirkan. | J58: A/B/C | K58: =Jawaban!K58 -> A | L58: =Jawaban!L58 -> 0 | M58: 1. Screenshot/Printout menu Profil 10 orang pegawai/pejabat dari STAR ASN khususnya untuk Sub Menu: a. Identitas Pegawai; b. Rekam Jejak Kepegawaian (Pangkat, Golongan, Jabatan, SKP, KGB); c. Rekam Jejak Pendidikan; d. Mutasi. 2. Laporan pelaksanaan pemutakhiran data pegawai setiap kali ada perubahan. | N58: A | O58: =IF(J58="Ya/Tidak",IF(N58="Ya",1,IF(N58="Tidak",0,"Blm Diisi")),IF(J58="A/B/C",IF(N58="A",1,IF(N58="B",0.5,IF(N58="C",0,"Blm Diisi"))),IF(J58="A/B/C/D",IF(N58="A",1,IF(N58="B",0.67,IF(N58="C",0.33,IF(N58="D",0,"Blm Diisi")))),IF(J58="A/B/C/D/E",IF(N58="A",1,IF(N58="B",0.75,IF(N58="C",0.5,IF(N58="D",0.25,IF(N58="E",0,"Blm Diisi"))))),IF(J58="%",IF(N58="","Blm Diisi",N58),IF(J58="Jumlah",IF(N58="","Blm Diisi",""),IF(J58="Rupiah",IF(N58="","Blm Diisi",""),IF(J58="","","-")))))))) -> 1 | Q58: Tercapai, Dakung yang diminta sudah lengkap | R58: =Jawaban!R58 -> a. Data informasi kepegawaian unit kerja telah dimutakhirkan secara berkala. | S58: =Jawaban!S58 -> 0 | T58: =Jawaban!T58 -> 0 | U58: =Jawaban!U58 -> 0 | V58: =Jawaban!V58 -> 0
A59: 60 | D59: 4. | E59: PENGUATAN AKUNTABILITAS | H59: 5 | K59: =Jawaban!K59 -> 0 | L59: =Jawaban!L59 -> 0 | O59: =SUM(O60,O64) -> 5 | P59: =O59/H59 -> 1 | R59: =Jawaban!R59 -> 0 | S59: =Jawaban!S59 -> 0 | T59: =Jawaban!T59 -> 0 | U59: =Jawaban!U59 -> 0 | V59: =Jawaban!V59 -> 0
A60: 61 | E60: i. | F60: Keterlibatan Pimpinan | H60: 2.5 | K60: =Jawaban!K60 -> 0 | L60: =Jawaban!L60 -> 0 | O60: =AVERAGE(O61:O63)*H60 -> 2.5 | P60: =O60/H60 -> 1 | R60: =Jawaban!R60 -> 0 | S60: =Jawaban!S60 -> 0 | T60: =Jawaban!T60 -> 0 | U60: =Jawaban!U60 -> 0 | V60: =Jawaban!V60 -> 0
A61: 62 | F61: a. | G61: Unit kerja telah melibatkan pimpinan secara langsung pada saat penyusunan perencanaan. | I61: a. Jika pimpinan selalu terlibat dalam seluruh tahapan penyusunan perencanaan. b. Jika pimpinan ikut terlibat dalam sebagian tahapan penyusunan perencanaan. c. Jika tidak ada keterlibatan pimpinan dalam penyusunan perencanaan (hanya menandatangani). | J61: A/B/C | K61: =Jawaban!K61 -> A | L61: =Jawaban!L61 -> 0 | M61: 1. Dokumen penyusunan perencanaan (RKA-KL): a. Undangan; b. Daftar hadir; c. Notula dan dokumentasi foto; d. Usulan RKA-KL kepada Unit Eselon I Pembina atau Sekretariat Jenderal. 2. Dokumen Kegiatan Penandatanganan Perjanjian Kinerja: a. Undangan; b. Daftar hadir; c. Notula dan dokumentasi foto; d. Dokumen Perjanjian Kinerja seluruh pejabat struktural 3. Dokumen Penyusunan Rencana Kerja Tahunan: a. Undangan; b. Daftar hadir; c. Notula dan dokumentasi foto; d. Usulan Rencana Kerja Tahunan. Keterangan: 1. Unit Utama, melibatkan seluruh pejabat struktural Eselon II sampai dengan Eselon IV; 2. Kanwil dan UPT, melibatkan Pimti Pratama dan seluruh pejabat administrasi (Eselon III, IV, dan V); 3. Dokumen Perjanjian Kinerja, Perencanaan (RKA K/L dan RKT). | N61: A | O61: =IF(J61="Ya/Tidak",IF(N61="Ya",1,IF(N61="Tidak",0,"Blm Diisi")),IF(J61="A/B/C",IF(N61="A",1,IF(N61="B",0.5,IF(N61="C",0,"Blm Diisi"))),IF(J61="A/B/C/D",IF(N61="A",1,IF(N61="B",0.67,IF(N61="C",0.33,IF(N61="D",0,"Blm Diisi")))),IF(J61="A/B/C/D/E",IF(N61="A",1,IF(N61="B",0.75,IF(N61="C",0.5,IF(N61="D",0.25,IF(N61="E",0,"Blm Diisi"))))),IF(J61="%",IF(N61="","Blm Diisi",N61),IF(J61="Jumlah",IF(N61="","Blm Diisi",""),IF(J61="Rupiah",IF(N61="","Blm Diisi",""),IF(J61="","","-")))))))) -> 1 | Q61: Tercapai, Dakung yang diminta sudah lengkap | R61: =Jawaban!R61 -> a. Unit kerja telah melibatkan pimpinan secara langsung pada saat penyusunan perencanaan. | S61: =Jawaban!S61 -> 0 | T61: =Jawaban!T61 -> 0 | U61: =Jawaban!U61 -> 0 | V61: =Jawaban!V61 -> 0
A62: 63 | F62: b. | G62: Unit kerja telah melibatkan secara langsung pimpinan saat penyusunan penetapan kinerja. | I62: a. Jika pimpinan selalu terlibat dalam seluruh tahapan penyusunan perjanjian kinerja. b. Jika pimpinan terlibat dalam sebagian tahapan penyusunan perjanjian kinerja. c. Jika tidak ada keterlibatan pimpinan dalam penyusunan perjanjian kinerja. | J62: A/B/C | K62: =Jawaban!K62 -> A | L62: =Jawaban!L62 -> 0 | M62: 1. Dokumen kegiatan rapat penyusunan penetapan kinerja: a. Undangan; b. Daftar hadir; c. Notula dan dokumentasi foto. 2. Dokumen perjanjian kinerja yang sudah ditandatangani oleh pimpinan/kepala Satuan Kerja. 3. Dokumentasi Foto Pimpinan menandatangani perjanjian kinerja. | N62: A | O62: =IF(J62="Ya/Tidak",IF(N62="Ya",1,IF(N62="Tidak",0,"Blm Diisi")),IF(J62="A/B/C",IF(N62="A",1,IF(N62="B",0.5,IF(N62="C",0,"Blm Diisi"))),IF(J62="A/B/C/D",IF(N62="A",1,IF(N62="B",0.67,IF(N62="C",0.33,IF(N62="D",0,"Blm Diisi")))),IF(J62="A/B/C/D/E",IF(N62="A",1,IF(N62="B",0.75,IF(N62="C",0.5,IF(N62="D",0.25,IF(N62="E",0,"Blm Diisi"))))),IF(J62="%",IF(N62="","Blm Diisi",N62),IF(J62="Jumlah",IF(N62="","Blm Diisi",""),IF(J62="Rupiah",IF(N62="","Blm Diisi",""),IF(J62="","","-")))))))) -> 1 | Q62: Tercapai, Dakung yang diminta sudah lengkap | R62: =Jawaban!R62 -> b. Unit kerja telah melibatkan secara langsung pimpinan saat penyusunan penetapan kinerja. | S62: =Jawaban!S62 -> 0 | T62: =Jawaban!T62 -> 0 | U62: =Jawaban!U62 -> 0 | V62: =Jawaban!V62 -> 0
A63: 64 | F63: c. | G63: Pimpinan memantau pencapaian kinerja secara berkala. | I63: a. Jika pimpinan selalu terlibat dalam seluruh pemantauan pencapaian kinerja dan menindaklanjuti hasil pemantauan. b. Jika pimpinan unit kerja terlibat dalam seluruh pemantauan pencapaian kinerja tetapi tidak ada tindak lanjut hasil pemantauan. c. Jika pimpinan unit kerja terlibat dalam sebagian pemantauan pencapaian kinerja. d. Jika tidak ada keterlibatan pimpinan dalam pemantauan pencapaian kinerja. | J63: A/B/C/D | K63: =Jawaban!K63 -> A | L63: =Jawaban!L63 -> 0 | M63: 1. Dokumen monitoring dan evaluasi atas Pencapaian Kinerja: a. Undangan; b. Daftar hadir; c. Notula dan dokumentasi foto; d. Laporan Monitoring dan Evaluasi atas Pencapaian Kinerja. e. Laporan Tindak Lanjut Hasil Monitoring dan Evaluasi atas Pencapaian Kinerja. 2. Dokumen rapat monev anggaran: a. Undangan; b. Daftar hadir; c. Notula dan dokumentasi foto; d. Laporan. Keterangan: Pimpinan terlibat pada saat pemantauan capaian kinerja. | N63: A | O63: =IF(J63="Ya/Tidak",IF(N63="Ya",1,IF(N63="Tidak",0,"Blm Diisi")),IF(J63="A/B/C",IF(N63="A",1,IF(N63="B",0.5,IF(N63="C",0,"Blm Diisi"))),IF(J63="A/B/C/D",IF(N63="A",1,IF(N63="B",0.67,IF(N63="C",0.33,IF(N63="D",0,"Blm Diisi")))),IF(J63="A/B/C/D/E",IF(N63="A",1,IF(N63="B",0.75,IF(N63="C",0.5,IF(N63="D",0.25,IF(N63="E",0,"Blm Diisi"))))),IF(J63="%",IF(N63="","Blm Diisi",N63),IF(J63="Jumlah",IF(N63="","Blm Diisi",""),IF(J63="Rupiah",IF(N63="","Blm Diisi",""),IF(J63="","","-")))))))) -> 1 | Q63: Tercapai, Dakung yang diminta sudah lengkap | R63: =Jawaban!R63 -> c. Pimpinan memantau pencapaian kinerja secara berkala. | S63: =Jawaban!S63 -> 0 | T63: =Jawaban!T63 -> 0 | U63: =Jawaban!U63 -> 0 | V63: =Jawaban!V63 -> 0
A64: 65 | E64: ii. | F64: Pengelolaan Akuntabilitas Kinerja | H64: 2.5 | K64: =Jawaban!K64 -> 0 | L64: =Jawaban!L64 -> 0 | O64: =AVERAGE(O65:O72)*H64 -> 2.5 | P64: =O64/H64 -> 1 | R64: =Jawaban!R64 -> 0 | S64: =Jawaban!S64 -> 0 | T64: =Jawaban!T64 -> 0 | U64: =Jawaban!U64 -> 0 | V64: =Jawaban!V64 -> 0
A65: 66 | F65: a. | G65: Dokumen perencanaan kinerja sudah ada. | I65: ya, jika unit kerja memiliki dokumen perencanaan kinerja lengkap. | J65: Ya/Tidak | K65: =Jawaban!K65 -> Ya | L65: =Jawaban!L65 -> 0 | M65: 1. Dokumen Renstra Unit Eselon I Pembina (untuk UPT). 2. Dokumen Renstra Unit Kerja. 3. Dokumen Renja (RKT). 4. Dokumen RKA-K/L. 5. Perjanjian Kinerja. Keterangan : Apabila belum tersedia data dukung 1 sampai dengan 3, maka dipenuhi dengan Surat Pernyataan Kepala Satker. | N65: Ya | O65: =IF(J65="Ya/Tidak",IF(N65="Ya",1,IF(N65="Tidak",0,"Blm Diisi")),IF(J65="A/B/C",IF(N65="A",1,IF(N65="B",0.5,IF(N65="C",0,"Blm Diisi"))),IF(J65="A/B/C/D",IF(N65="A",1,IF(N65="B",0.67,IF(N65="C",0.33,IF(N65="D",0,"Blm Diisi")))),IF(J65="A/B/C/D/E",IF(N65="A",1,IF(N65="B",0.75,IF(N65="C",0.5,IF(N65="D",0.25,IF(N65="E",0,"Blm Diisi"))))),IF(J65="%",IF(N65="","Blm Diisi",N65),IF(J65="Jumlah",IF(N65="","Blm Diisi",""),IF(J65="Rupiah",IF(N65="","Blm Diisi",""),IF(J65="","","-")))))))) -> 1 | Q65: Tercapai, Dakung yang diminta sudah lengkap | R65: =Jawaban!R65 -> a. Dokumen perencanaan kinerja sudah ada. | S65: =Jawaban!S65 -> 0 | T65: =Jawaban!T65 -> 0 | U65: =Jawaban!U65 -> 0 | V65: =Jawaban!V65 -> 0
A66: 67 | F66: b. | G66: Perencanaan kinerja telah berorientasi hasil. | I66: ya, jika perencanaan kinerja telah berorientasi hasil. | J66: Ya/Tidak | K66: =Jawaban!K66 -> Ya | L66: =Jawaban!L66 -> 0 | M66: 1. Dokumen Renstra Unit Eselon I Pembina (untuk UPT). 2. Dokumen Renstra Unit Kerja. 3. Dokumen Renja (RKT). 4. Dokumen RKA-K/L. 5. Perjanjian Kinerja. Keterangan: Apabila belum tersedia data dukung 1 sampai dengan 3, maka dipenuhi dengan Surat Pernyataan Kepala Satker. | N66: Ya | O66: =IF(J66="Ya/Tidak",IF(N66="Ya",1,IF(N66="Tidak",0,"Blm Diisi")),IF(J66="A/B/C",IF(N66="A",1,IF(N66="B",0.5,IF(N66="C",0,"Blm Diisi"))),IF(J66="A/B/C/D",IF(N66="A",1,IF(N66="B",0.67,IF(N66="C",0.33,IF(N66="D",0,"Blm Diisi")))),IF(J66="A/B/C/D/E",IF(N66="A",1,IF(N66="B",0.75,IF(N66="C",0.5,IF(N66="D",0.25,IF(N66="E",0,"Blm Diisi"))))),IF(J66="%",IF(N66="","Blm Diisi",N66),IF(J66="Jumlah",IF(N66="","Blm Diisi",""),IF(J66="Rupiah",IF(N66="","Blm Diisi",""),IF(J66="","","-")))))))) -> 1 | Q66: Tercapai, Dakung yang diminta sudah lengkap | R66: =Jawaban!R66 -> b. Perencanaan kinerja telah berorientasi hasil. | S66: =Jawaban!S66 -> 0 | T66: =Jawaban!T66 -> 0 | U66: =Jawaban!U66 -> 0 | V66: =Jawaban!V66 -> 0
A67: 68 | F67: c. | G67: Terdapat penetapan Indikator Kinerja Utama (IKU). | I67: ya, jika unit kerja memiliki IKU. | J67: Ya/Tidak | K67: =Jawaban!K67 -> Ya | L67: =Jawaban!L67 -> 0 | M67: 1. Dokumen Renstra Unit Kerja. 2. Dokumen Renja. 3. Dokumen Perjanjian Kinerja. Keterangan : Renja diperoleh dari aplikasi SAKTI (pada menu laporan sub menu RKA Satker di form bagian A - Rencana Kinerja Satker. | N67: Ya | O67: =IF(J67="Ya/Tidak",IF(N67="Ya",1,IF(N67="Tidak",0,"Blm Diisi")),IF(J67="A/B/C",IF(N67="A",1,IF(N67="B",0.5,IF(N67="C",0,"Blm Diisi"))),IF(J67="A/B/C/D",IF(N67="A",1,IF(N67="B",0.67,IF(N67="C",0.33,IF(N67="D",0,"Blm Diisi")))),IF(J67="A/B/C/D/E",IF(N67="A",1,IF(N67="B",0.75,IF(N67="C",0.5,IF(N67="D",0.25,IF(N67="E",0,"Blm Diisi"))))),IF(J67="%",IF(N67="","Blm Diisi",N67),IF(J67="Jumlah",IF(N67="","Blm Diisi",""),IF(J67="Rupiah",IF(N67="","Blm Diisi",""),IF(J67="","","-")))))))) -> 1 | Q67: Tercapai, Dakung yang diminta sudah lengkap | R67: =Jawaban!R67 -> c. Terdapat penetapan Indikator Kinerja Utama (IKU). | S67: =Jawaban!S67 -> 0 | T67: =Jawaban!T67 -> 0 | U67: =Jawaban!U67 -> 0 | V67: =Jawaban!V67 -> 0
A68: 69 | F68: d. | G68: Indikator kinerja telah telah memenuhi kriteria SMART. | I68: a. Jika seluruh indikator kinerja telah SMART. b. Jika sebagian besar indikator kinerja telah SMART. c. Jika sebagian kecil indikator kinerja telah SMART. d. Jika belum ada indikator kinerja yang SMART. | J68: A/B/C/D | K68: =Jawaban!K68 -> A | L68: =Jawaban!L68 -> 0 | M68: 1. Dokumen Renstra Unit Kerja. 2. Dokumen Renja. 3. Dokumen Perjanjian Kinerja. Keterangan: 1. Renja diperoleh dari aplikasi SAKTI (pada menu laporan sub menu RKA Satker di form bagian A - Rencana Kinerja Satker. 2. TPI wajib melakukan penilaian terhadap IKU satuan kerja apakah telah memenuhi prinsip SMART. | N68: A | O68: =IF(J68="Ya/Tidak",IF(N68="Ya",1,IF(N68="Tidak",0,"Blm Diisi")),IF(J68="A/B/C",IF(N68="A",1,IF(N68="B",0.5,IF(N68="C",0,"Blm Diisi"))),IF(J68="A/B/C/D",IF(N68="A",1,IF(N68="B",0.67,IF(N68="C",0.33,IF(N68="D",0,"Blm Diisi")))),IF(J68="A/B/C/D/E",IF(N68="A",1,IF(N68="B",0.75,IF(N68="C",0.5,IF(N68="D",0.25,IF(N68="E",0,"Blm Diisi"))))),IF(J68="%",IF(N68="","Blm Diisi",N68),IF(J68="Jumlah",IF(N68="","Blm Diisi",""),IF(J68="Rupiah",IF(N68="","Blm Diisi",""),IF(J68="","","-")))))))) -> 1 | Q68: Tercapai, Dakung yang diminta sudah lengkap | R68: =Jawaban!R68 -> d. Indikator kinerja telah telah memenuhi kriteria SMART. | S68: =Jawaban!S68 -> 0 | T68: =Jawaban!T68 -> 0 | U68: =Jawaban!U68 -> 0 | V68: =Jawaban!V68 -> 0
A69: 70 | F69: e. | G69: Laporan kinerja telah disusun tepat waktu. | I69: Ya, jika unit kerja telah menyusun laporan kinerja tepat waktu. | J69: Ya/Tidak | K69: =Jawaban!K69 -> Ya | L69: =Jawaban!L69 -> 0 | M69: 1. Dokumen LKj (Laporan Kinerja) mengacu kepada format yang ditetapkan dalam Pedoman Menteri IMIPAS No. MIP-OT.02. 02-49 Tahun 2025 tentang Pedoman Penyusunan Laporan Kinerja Instansi Pemerintah di lingkungan Kementerian Imigrasi dan Pemasyarakatan; 2. Surat Pengantar penyampaian Laporan Kinerja, dengan mekanisme penyampaian sebagaimana diatur dalam Pedoman Menteri IMIPAS No. MIP-OT.02.02-49 Tahun 2025 tentang Pedoman Penyusunan Laporan Kinerja Instansi Pemerintah di lingkungan Kementerian Imigrasi dan Pemasyarakatan | N69: Ya | O69: =IF(J69="Ya/Tidak",IF(N69="Ya",1,IF(N69="Tidak",0,"Blm Diisi")),IF(J69="A/B/C",IF(N69="A",1,IF(N69="B",0.5,IF(N69="C",0,"Blm Diisi"))),IF(J69="A/B/C/D",IF(N69="A",1,IF(N69="B",0.67,IF(N69="C",0.33,IF(N69="D",0,"Blm Diisi")))),IF(J69="A/B/C/D/E",IF(N69="A",1,IF(N69="B",0.75,IF(N69="C",0.5,IF(N69="D",0.25,IF(N69="E",0,"Blm Diisi"))))),IF(J69="%",IF(N69="","Blm Diisi",N69),IF(J69="Jumlah",IF(N69="","Blm Diisi",""),IF(J69="Rupiah",IF(N69="","Blm Diisi",""),IF(J69="","","-")))))))) -> 1 | Q69: Tercapai, Dakung yang diminta sudah lengkap | R69: =Jawaban!R69 -> e. Laporan kinerja telah disusun tepat waktu. | S69: =Jawaban!S69 -> 0 | T69: =Jawaban!T69 -> 0 | U69: =Jawaban!U69 -> 0 | V69: =Jawaban!V69 -> 0
A70: 71 | F70: f. | G70: Laporan kinerja telah memberikan informasi tentang kinerja. | I70: a. Jika seluruh pelaporan kinerja telah memberikan informasi tentang kinerja. b. Jika sebagian pelaporan kinerja belum memberikan informasi tentang kinerja. c. Jika seluruh pelaporan kinerja belum memberikan informasi tentang kinerja. | J70: A/B/C | K70: =Jawaban!K70 -> A | L70: =Jawaban!L70 -> 0 | M70: 1. Dokumen LKj (Laporan Kinerja) mengacu kepada format yang ditetapkan dalam Pedoman Menteri IMIPAS No. MIP-OT.02. 02-49 Tahun 2025 tentang Pedoman Penyusunan Laporan Kinerja Instansi Pemerintah di lingkungan Kementerian Imigrasi dan Pemasyarakatan; 2. Surat Pernyataan Telah di Reviu, yang ditandatangani oleh pimpinan Aparatur Pengawasan Intern Pemerintah (APIP) Kementerian Imigrasi dan Pemasyarakatan | N70: A | O70: =IF(J70="Ya/Tidak",IF(N70="Ya",1,IF(N70="Tidak",0,"Blm Diisi")),IF(J70="A/B/C",IF(N70="A",1,IF(N70="B",0.5,IF(N70="C",0,"Blm Diisi"))),IF(J70="A/B/C/D",IF(N70="A",1,IF(N70="B",0.67,IF(N70="C",0.33,IF(N70="D",0,"Blm Diisi")))),IF(J70="A/B/C/D/E",IF(N70="A",1,IF(N70="B",0.75,IF(N70="C",0.5,IF(N70="D",0.25,IF(N70="E",0,"Blm Diisi"))))),IF(J70="%",IF(N70="","Blm Diisi",N70),IF(J70="Jumlah",IF(N70="","Blm Diisi",""),IF(J70="Rupiah",IF(N70="","Blm Diisi",""),IF(J70="","","-")))))))) -> 1 | Q70: Tercapai, Dakung yang diminta sudah lengkap | R70: =Jawaban!R70 -> f. Laporan kinerja telah memberikan informasi tentang kinerja. | S70: =Jawaban!S70 -> 0 | T70: =Jawaban!T70 -> 0 | U70: =Jawaban!U70 -> 0 | V70: =Jawaban!V70 -> 0
A71: 72 | F71: g. | G71: Terdapat sistem informasi/mekanisme informasi kinerja. | I71: ya, jika terdapat sistem informasi/mekanisme informasi kinerja. | J71: Ya/Tidak | K71: =Jawaban!K71 -> Ya | L71: =Jawaban!L71 -> 0 | M71: 1. Surat tugas mengikuti kegiatan workshop, in house training, bimtek, sosialisasi, dan seminar terkait dengan penyusunan LKjIP. 2. Sertifikat Pelatihan/Kegiatan melalui workshop, in house training, bimtek, sosialisasi, dan seminar terkait dengan penyusunan LKjIP Keterangan: a. Sertifikat pelatihan hanya dikeluarkan oleh lembaga pelatihan (BPSDM) sedangkan sertifikat kegiatan dapat dikeluarkan oleh penyelenggara kegiatan (Kanwil). b. Jika terdapat update data dukung diunggah pada triwulan berikutnya, jika tidak menggunakan data dukung terakhir. | N71: Ya | O71: =IF(J71="Ya/Tidak",IF(N71="Ya",1,IF(N71="Tidak",0,"Blm Diisi")),IF(J71="A/B/C",IF(N71="A",1,IF(N71="B",0.5,IF(N71="C",0,"Blm Diisi"))),IF(J71="A/B/C/D",IF(N71="A",1,IF(N71="B",0.67,IF(N71="C",0.33,IF(N71="D",0,"Blm Diisi")))),IF(J71="A/B/C/D/E",IF(N71="A",1,IF(N71="B",0.75,IF(N71="C",0.5,IF(N71="D",0.25,IF(N71="E",0,"Blm Diisi"))))),IF(J71="%",IF(N71="","Blm Diisi",N71),IF(J71="Jumlah",IF(N71="","Blm Diisi",""),IF(J71="Rupiah",IF(N71="","Blm Diisi",""),IF(J71="","","-")))))))) -> 1 | Q71: Tercapai, Dakung yang diminta sudah lengkap | R71: =Jawaban!R71 -> g. Terdapat sistem informasi/mekanisme informasi kinerja. | S71: =Jawaban!S71 -> 0 | T71: =Jawaban!T71 -> 0 | U71: =Jawaban!U71 -> 0 | V71: =Jawaban!V71 -> 0
A72: 73 | F72: h | G72: Unit kerja telah berupaya meningkatkan kapasitas SDM yang menangangi akuntabilitas kinerja. | I72: a. Jika seluruh SDM pengelola akuntabilitas kinerja kompeten. b. Jika sebagian SDM pengelola akuntabilitas kinerja kompeten. c. Jika seluruh SDM pengelola akuntabilitas kinerja belum ada yang kompeten. | J72: A/B/C | K72: =Jawaban!K72 -> A | L72: =Jawaban!L72 -> 0 | M72: 1. Sertifikat mengikuti kegiatan Bimtek atau Diklat LKIP yang diselenggarakan oleh Kanwil atau Unit Eselon I Pembina. Jika satuan kerja mengikuti bimtek/coaching/sosialiasi LKIP secara mandiri atau online, dapat menyertakan bukti sebagai berikut: a. Undangan; b. Daftar Hadir; c. Dokumentasi Foto Kegiatan. 2. Dokumen laporan kegiatan mengikuti bimtek dan sosialisasi terkait dengan penyusunan LKIP. 3. Dokumen usulan pegawai untuk mengikuti bimtek dan sosialisasi terkait dengan penyusunan LKIP. 4. Rekapitulasi SDM pengelola akuntabilitas kinerja yang telah mengikuti pengembangan kompetensi kaitan pengelolaan akuntabilitas kinerja Keterangan: a. Jika tidak ada pegawai yang mengikuti Bimtek atau Diklat LKIP pada tahun berjalan, dapat menggunakan sertifikat dan dokumen pada tahun sebelumnya b. Jika pegawai pada satker yang bersangkutan belum pernah mengikuti Bimtek atau Diklat LKIP, harus membuat surat pernyataan bahwa belum pernah dilakukan Bimtek atau Diklat LKIP. c. Sertifikat pelatihan hanya dikeluarkan oleh lembaga pelatihan (BPSDM) sedangkan sertifikat kegiatan dapat dikeluarkan oleh penyelenggara kegiatan (Kanwil). d. Jika terdapat update data dukung diunggah pada triwulan berikutnya, jika tidak menggunakan data dukung terakhir. | N72: A | O72: =IF(J72="Ya/Tidak",IF(N72="Ya",1,IF(N72="Tidak",0,"Blm Diisi")),IF(J72="A/B/C",IF(N72="A",1,IF(N72="B",0.5,IF(N72="C",0,"Blm Diisi"))),IF(J72="A/B/C/D",IF(N72="A",1,IF(N72="B",0.67,IF(N72="C",0.33,IF(N72="D",0,"Blm Diisi")))),IF(J72="A/B/C/D/E",IF(N72="A",1,IF(N72="B",0.75,IF(N72="C",0.5,IF(N72="D",0.25,IF(N72="E",0,"Blm Diisi"))))),IF(J72="%",IF(N72="","Blm Diisi",N72),IF(J72="Jumlah",IF(N72="","Blm Diisi",""),IF(J72="Rupiah",IF(N72="","Blm Diisi",""),IF(J72="","","-")))))))) -> 1 | Q72: Tercapai, Dakung yang diminta sudah lengkap | R72: =Jawaban!R72 -> h. Unit kerja telah berupaya meningkatkan kapasitas SDM yang menangangi akuntabilitas kinerja. | S72: =Jawaban!S72 -> 0 | T72: =Jawaban!T72 -> 0 | U72: =Jawaban!U72 -> 0 | V72: =Jawaban!V72 -> 0
